CREATE DATABASE  IF NOT EXISTS `inventorya` /*!40100 DEFAULT CHARACTER SET utf8 COLLATE utf8_spanish_ci */;
USE `inventorya`;
-- MySQL dump 10.13  Distrib 5.7.12, for Win32 (AMD64)
--
-- Host: 127.0.0.1    Database: inventorya
-- ------------------------------------------------------
-- Server version	5.7.13-log

/*!40101 SET @OLD_CHARACTER_SET_CLIENT=@@CHARACTER_SET_CLIENT */;
/*!40101 SET @OLD_CHARACTER_SET_RESULTS=@@CHARACTER_SET_RESULTS */;
/*!40101 SET @OLD_COLLATION_CONNECTION=@@COLLATION_CONNECTION */;
/*!40101 SET NAMES utf8 */;
/*!40103 SET @OLD_TIME_ZONE=@@TIME_ZONE */;
/*!40103 SET TIME_ZONE='+00:00' */;
/*!40014 SET @OLD_UNIQUE_CHECKS=@@UNIQUE_CHECKS, UNIQUE_CHECKS=0 */;
/*!40014 SET @OLD_FOREIGN_KEY_CHECKS=@@FOREIGN_KEY_CHECKS, FOREIGN_KEY_CHECKS=0 */;
/*!40101 SET @OLD_SQL_MODE=@@SQL_MODE, SQL_MODE='NO_AUTO_VALUE_ON_ZERO' */;
/*!40111 SET @OLD_SQL_NOTES=@@SQL_NOTES, SQL_NOTES=0 */;

--
-- Table structure for table `categoria`
--

DROP TABLE IF EXISTS `categoria`;
/*!40101 SET @saved_cs_client     = @@character_set_client */;
/*!40101 SET character_set_client = utf8 */;
CREATE TABLE `categoria` (
  `idcategoria` int(10) unsigned NOT NULL AUTO_INCREMENT,
  `nombre_categoria` varchar(50) CHARACTER SET utf8 NOT NULL,
  `cantidadproductos` int(10) unsigned NOT NULL DEFAULT '0',
  `idresponsable` int(10) unsigned NOT NULL,
  PRIMARY KEY (`idcategoria`)
) ENGINE=InnoDB AUTO_INCREMENT=10 DEFAULT CHARSET=utf8 COLLATE=utf8_spanish_ci;
/*!40101 SET character_set_client = @saved_cs_client */;

--
-- Dumping data for table `categoria`
--

LOCK TABLES `categoria` WRITE;
/*!40000 ALTER TABLE `categoria` DISABLE KEYS */;
INSERT INTO `categoria` VALUES (1,'Instalacion',0,1),(2,'comunicaciones',494,1),(3,'Uniforme Personal',4,1),(4,'vehiculos',15,1),(5,'Informatica',4,1),(6,'Herramienta de mano',85,1),(7,'Service Telecentro',101,1),(8,'Control remoto',0,1),(9,'medidores',5,1);
/*!40000 ALTER TABLE `categoria` ENABLE KEYS */;
UNLOCK TABLES;

--
-- Temporary view structure for view `categoria_subcategoria_view`
--

DROP TABLE IF EXISTS `categoria_subcategoria_view`;
/*!50001 DROP VIEW IF EXISTS `categoria_subcategoria_view`*/;
SET @saved_cs_client     = @@character_set_client;
SET character_set_client = utf8;
/*!50001 CREATE VIEW `categoria_subcategoria_view` AS SELECT 
 1 AS `nombre_categoria`,
 1 AS `nombre`,
 1 AS `sap`*/;
SET character_set_client = @saved_cs_client;

--
-- Temporary view structure for view `categoria_view`
--

DROP TABLE IF EXISTS `categoria_view`;
/*!50001 DROP VIEW IF EXISTS `categoria_view`*/;
SET @saved_cs_client     = @@character_set_client;
SET character_set_client = utf8;
/*!50001 CREATE VIEW `categoria_view` AS SELECT 
 1 AS `idsubcategoria`,
 1 AS `idcategoria`,
 1 AS `nombre`,
 1 AS `sap`*/;
SET character_set_client = @saved_cs_client;

--
-- Table structure for table `grupos`
--

DROP TABLE IF EXISTS `grupos`;
/*!40101 SET @saved_cs_client     = @@character_set_client */;
/*!40101 SET character_set_client = utf8 */;
CREATE TABLE `grupos` (
  `idgroup` int(3) NOT NULL,
  `nombre_grupo` varchar(45) CHARACTER SET utf8 NOT NULL,
  `funciones` varchar(100) COLLATE utf8_spanish_ci DEFAULT NULL,
  PRIMARY KEY (`idgroup`),
  UNIQUE KEY `idgroup_UNIQUE` (`idgroup`)
) ENGINE=InnoDB DEFAULT CHARSET=utf8 COLLATE=utf8_spanish_ci;
/*!40101 SET character_set_client = @saved_cs_client */;

--
-- Dumping data for table `grupos`
--

LOCK TABLES `grupos` WRITE;
/*!40000 ALTER TABLE `grupos` DISABLE KEYS */;
INSERT INTO `grupos` VALUES (111,'Administrador',NULL),(222,'Usuario',NULL);
/*!40000 ALTER TABLE `grupos` ENABLE KEYS */;
UNLOCK TABLES;

--
-- Table structure for table `productos`
--

DROP TABLE IF EXISTS `productos`;
/*!40101 SET @saved_cs_client     = @@character_set_client */;
/*!40101 SET character_set_client = utf8 */;
CREATE TABLE `productos` (
  `idproductos` int(10) unsigned NOT NULL AUTO_INCREMENT,
  `idcategoria` int(10) unsigned NOT NULL,
  `idsubcategoria` int(10) unsigned NOT NULL,
  `idubicacion` int(10) unsigned NOT NULL DEFAULT '1',
  `iduser` int(10) unsigned NOT NULL,
  `codigo_barra` varchar(100) COLLATE utf8_spanish_ci NOT NULL,
  `estado` int(1) NOT NULL DEFAULT '1',
  `info` varchar(100) CHARACTER SET utf8 DEFAULT 'SIN INFORMACION',
  `infoubicacion` varchar(100) CHARACTER SET utf8 NOT NULL DEFAULT '0',
  `cantidad` int(11) NOT NULL DEFAULT '1',
  `unidad` varchar(4) CHARACTER SET utf8 NOT NULL DEFAULT 'u',
  PRIMARY KEY (`idproductos`,`codigo_barra`),
  UNIQUE KEY `codigo_barra_UNIQUE` (`codigo_barra`),
  KEY `idcategoria_idx` (`idcategoria`),
  KEY `subcategoria_idx` (`idsubcategoria`),
  KEY `iduser` (`iduser`),
  KEY `ubicacion` (`idubicacion`),
  CONSTRAINT `idcategoria` FOREIGN KEY (`idcategoria`) REFERENCES `categoria` (`idcategoria`) ON DELETE NO ACTION ON UPDATE NO ACTION,
  CONSTRAINT `iduser` FOREIGN KEY (`iduser`) REFERENCES `user` (`iduser`) ON DELETE NO ACTION ON UPDATE NO ACTION,
  CONSTRAINT `subcategoria` FOREIGN KEY (`idsubcategoria`) REFERENCES `subcategoria` (`idsubcategoria`) ON DELETE NO ACTION ON UPDATE NO ACTION,
  CONSTRAINT `ubicacion` FOREIGN KEY (`idubicacion`) REFERENCES `ubicaciones` (`idubicaciones`) ON DELETE NO ACTION ON UPDATE NO ACTION
) ENGINE=InnoDB AUTO_INCREMENT=8 DEFAULT CHARSET=utf8 COLLATE=utf8_spanish_ci;
/*!40101 SET character_set_client = @saved_cs_client */;

--
-- Dumping data for table `productos`
--

LOCK TABLES `productos` WRITE;
/*!40000 ALTER TABLE `productos` DISABLE KEYS */;
INSERT INTO `productos` VALUES (2,2,13,1,1,'999999999',1,'cambio esto por otro','4567',17,'u'),(3,2,13,1,1,'999999998',1,'algo para decir o hacer','0',1,'u'),(4,2,13,1,1,'999999997',1,'algo para decir o hacer','0',1,'u'),(6,2,13,1,1,'999999996',1,'algo para decir o hacer','0',1,'u'),(7,2,9,1,1,'999994564',1,'todo de prueba','0',1,'u');
/*!40000 ALTER TABLE `productos` ENABLE KEYS */;
UNLOCK TABLES;
/*!50003 SET @saved_cs_client      = @@character_set_client */ ;
/*!50003 SET @saved_cs_results     = @@character_set_results */ ;
/*!50003 SET @saved_col_connection = @@collation_connection */ ;
/*!50003 SET character_set_client  = utf8 */ ;
/*!50003 SET character_set_results = utf8 */ ;
/*!50003 SET collation_connection  = utf8_general_ci */ ;
/*!50003 SET @saved_sql_mode       = @@sql_mode */ ;
/*!50003 SET sql_mode              = 'STRICT_TRANS_TABLES,NO_AUTO_CREATE_USER,NO_ENGINE_SUBSTITUTION' */ ;
DELIMITER ;;
/*!50003 CREATE*/ /*!50017 DEFINER=`root`@`localhost`*/ /*!50003 TRIGGER `inventorya`.`productos_AFTER_INSERT` AFTER INSERT ON `productos` FOR EACH ROW
BEGIN
declare texto varchar(300);
set texto=CONCAT(
'idproducto= ',NEW.idproductos,'||',
'idresposable= ',NEW.iduser,'||',
'SERIAL= ',NEW.codigo_barra,'||',
'UBICACION= ',NEW.idubicacion,'||',
'INFOUBICACION= ','||',
'ubicacion= ',NEW.infoubicacion,'||',
'cantidad= ',NEW.cantidad,'||',
'unidad= ',NEW.unidad);
insert into productos_log (iduser,accion,infolog,idproducto) values (NEW.iduser,'CREACION',texto,NEW.idproductos);
END */;;
DELIMITER ;
/*!50003 SET sql_mode              = @saved_sql_mode */ ;
/*!50003 SET character_set_client  = @saved_cs_client */ ;
/*!50003 SET character_set_results = @saved_cs_results */ ;
/*!50003 SET collation_connection  = @saved_col_connection */ ;
/*!50003 SET @saved_cs_client      = @@character_set_client */ ;
/*!50003 SET @saved_cs_results     = @@character_set_results */ ;
/*!50003 SET @saved_col_connection = @@collation_connection */ ;
/*!50003 SET character_set_client  = utf8 */ ;
/*!50003 SET character_set_results = utf8 */ ;
/*!50003 SET collation_connection  = utf8_general_ci */ ;
/*!50003 SET @saved_sql_mode       = @@sql_mode */ ;
/*!50003 SET sql_mode              = 'STRICT_TRANS_TABLES,NO_AUTO_CREATE_USER,NO_ENGINE_SUBSTITUTION' */ ;
DELIMITER ;;
/*!50003 CREATE*/ /*!50017 DEFINER=`root`@`localhost`*/ /*!50003 TRIGGER `inventorya`.`productos_AFTER_UPDATE` AFTER UPDATE ON `productos` FOR EACH ROW
BEGIN
declare texto varchar(300);
set texto = concat(
'idubicacion= ',old.idubicacion,'||',
'iduser= ',old.iduser,'||',
'estado= ',old.estado,'||',
'info= ',old.info,'||',
'infoubicacion= ',old.infoubicacion,'||',
'cantidad= ',old.cantidad,'||',
'undidad= ',old.unidad,'||'
);
insert into productos_log (iduser,accion,infolog,idproducto) values (NEW.iduser,'UPDATE',texto,OLD.idproductos);
END */;;
DELIMITER ;
/*!50003 SET sql_mode              = @saved_sql_mode */ ;
/*!50003 SET character_set_client  = @saved_cs_client */ ;
/*!50003 SET character_set_results = @saved_cs_results */ ;
/*!50003 SET collation_connection  = @saved_col_connection */ ;
/*!50003 SET @saved_cs_client      = @@character_set_client */ ;
/*!50003 SET @saved_cs_results     = @@character_set_results */ ;
/*!50003 SET @saved_col_connection = @@collation_connection */ ;
/*!50003 SET character_set_client  = utf8 */ ;
/*!50003 SET character_set_results = utf8 */ ;
/*!50003 SET collation_connection  = utf8_general_ci */ ;
/*!50003 SET @saved_sql_mode       = @@sql_mode */ ;
/*!50003 SET sql_mode              = 'STRICT_TRANS_TABLES,NO_AUTO_CREATE_USER,NO_ENGINE_SUBSTITUTION' */ ;
DELIMITER ;;
/*!50003 CREATE*/ /*!50017 DEFINER=`root`@`localhost`*/ /*!50003 TRIGGER `inventorya`.`productos_BEFORE_DELETE` BEFORE DELETE ON `productos` FOR EACH ROW
BEGIN
declare texto varchar(300);
set texto = concat(
'idubicacion= ',old.idubicacion,'||',
'iduser= ',old.iduser,'||',
'estado= ',old.estado,'||',
'info= ',old.info,'||',
'infoubicacion= ',old.infoubicacion,'||',
'cantidad= ',old.cantidad,'||',
'undidad= ',old.unidad,'||'
);
insert into productos_log (iduser,accion,infolog,idproducto) values (old.iduser,'DELETE',texto,OLD.idproductos);
END */;;
DELIMITER ;
/*!50003 SET sql_mode              = @saved_sql_mode */ ;
/*!50003 SET character_set_client  = @saved_cs_client */ ;
/*!50003 SET character_set_results = @saved_cs_results */ ;
/*!50003 SET collation_connection  = @saved_col_connection */ ;

--
-- Table structure for table `productos_log`
--

DROP TABLE IF EXISTS `productos_log`;
/*!40101 SET @saved_cs_client     = @@character_set_client */;
/*!40101 SET character_set_client = utf8 */;
CREATE TABLE `productos_log` (
  `idproductos_log` int(11) NOT NULL AUTO_INCREMENT,
  `iduser` int(10) unsigned NOT NULL,
  `accion` varchar(60) COLLATE utf8_spanish_ci NOT NULL,
  `infolog` varchar(300) CHARACTER SET utf8 NOT NULL,
  `fecha` datetime NOT NULL DEFAULT CURRENT_TIMESTAMP,
  `idproducto` int(10) unsigned NOT NULL,
  PRIMARY KEY (`idproductos_log`)
) ENGINE=InnoDB AUTO_INCREMENT=10 DEFAULT CHARSET=utf8 COLLATE=utf8_spanish_ci;
/*!40101 SET character_set_client = @saved_cs_client */;

--
-- Dumping data for table `productos_log`
--

LOCK TABLES `productos_log` WRITE;
/*!40000 ALTER TABLE `productos_log` DISABLE KEYS */;
INSERT INTO `productos_log` VALUES (1,1,'CREACION','idproducto: 2 \n\nidresposable: 1 SERIAL: 999999999 UBICACION: 1 INFOUBICACION \n\n01u','2016-07-01 12:39:56',2),(2,1,'UPDATE',' idresposableOLD: 1 UBICACIONOLD: 1 INFOUBICACIONOLD 01u','2016-07-01 12:41:43',2),(3,1,'UPDATE','idubicacion= 1||iduser= 1||estado= 1||info= algo para decir o hacer||infoubicacion= 0||cantidad= 7||undidad= u||','2016-07-01 13:52:30',2),(4,1,'UPDATE','idubicacion= 1||iduser= 1||estado= 1||info= algo para decir o hacer||infoubicacion= 0||cantidad= 17||undidad= u||','2016-07-01 13:53:54',2),(5,1,'UPDATE','idubicacion= 1||iduser= 1||estado= 1||info= cambio esto por otro||infoubicacion= 0||cantidad= 17||undidad= u||','2016-07-01 13:54:08',2),(6,1,'CREACION','idproducto= 3||idresposable= 1||SERIAL= 999999998||UBICACION= 1||INFOUBICACION= ||ubicacion= 0||cantidad= 1||unidad= u','2016-07-01 14:04:50',3),(7,1,'CREACION','idproducto= 4||idresposable= 1||SERIAL= 999999997||UBICACION= 1||INFOUBICACION= ||ubicacion= 0||cantidad= 1||unidad= u','2016-07-01 14:04:57',4),(8,1,'CREACION','idproducto= 6||idresposable= 1||SERIAL= 999999996||UBICACION= 1||INFOUBICACION= ||ubicacion= 0||cantidad= 1||unidad= u','2016-07-01 14:05:14',6),(9,1,'CREACION','idproducto= 7||idresposable= 1||SERIAL= 999994564||UBICACION= 1||INFOUBICACION= ||ubicacion= 0||cantidad= 1||unidad= u','2016-07-01 14:29:25',7);
/*!40000 ALTER TABLE `productos_log` ENABLE KEYS */;
UNLOCK TABLES;

--
-- Table structure for table `sessions2`
--

DROP TABLE IF EXISTS `sessions2`;
/*!40101 SET @saved_cs_client     = @@character_set_client */;
/*!40101 SET character_set_client = utf8 */;
CREATE TABLE `sessions2` (
  `sesskey` varchar(64) COLLATE utf8_spanish_ci NOT NULL DEFAULT '',
  `expiry` datetime NOT NULL,
  `expireref` varchar(250) COLLATE utf8_spanish_ci DEFAULT '',
  `created` datetime NOT NULL,
  `modified` datetime NOT NULL,
  `sessdata` longtext COLLATE utf8_spanish_ci,
  PRIMARY KEY (`sesskey`),
  KEY `sess2_expiry` (`expiry`),
  KEY `sess2_expireref` (`expireref`)
) ENGINE=InnoDB DEFAULT CHARSET=utf8 COLLATE=utf8_spanish_ci;
/*!40101 SET character_set_client = @saved_cs_client */;

--
-- Dumping data for table `sessions2`
--

LOCK TABLES `sessions2` WRITE;
/*!40000 ALTER TABLE `sessions2` DISABLE KEYS */;
/*!40000 ALTER TABLE `sessions2` ENABLE KEYS */;
UNLOCK TABLES;

--
-- Table structure for table `subcategoria`
--

DROP TABLE IF EXISTS `subcategoria`;
/*!40101 SET @saved_cs_client     = @@character_set_client */;
/*!40101 SET character_set_client = utf8 */;
CREATE TABLE `subcategoria` (
  `idsubcategoria` int(10) unsigned NOT NULL AUTO_INCREMENT,
  `idcategoria` int(11) NOT NULL,
  `nombre` varchar(100) CHARACTER SET utf8 NOT NULL,
  `descripcion` varchar(150) CHARACTER SET utf8 DEFAULT NULL,
  `sap` varchar(100) COLLATE utf8_spanish_ci DEFAULT NULL,
  PRIMARY KEY (`idsubcategoria`),
  UNIQUE KEY `sap_UNIQUE` (`sap`)
) ENGINE=InnoDB AUTO_INCREMENT=716 DEFAULT CHARSET=utf8 COLLATE=utf8_spanish_ci;
/*!40101 SET character_set_client = @saved_cs_client */;

--
-- Dumping data for table `subcategoria`
--

LOCK TABLES `subcategoria` WRITE;
/*!40000 ALTER TABLE `subcategoria` DISABLE KEYS */;
INSERT INTO `subcategoria` VALUES (1,2,'28ghz','','NT453575317475571'),(2,2,'28ghz','','31354354614561'),(3,2,'ANTENA, SRU-F2804-1 (LMDS,28B GHZ, BA','Antena LMDS 28ghz A','100206434'),(4,2,'ANTENA, SRU F-2802-1 (SRU,FCC,28GHZ,B','Antena LMDS 28ghz B','100206435'),(5,2,'ANTENA, SRU-L-1002-02 (ANTENA CLIENTE)','Antena LMDS 10ghz','100207314'),(6,2,'BMAX-CPE-ODU-PRO-SA-3.5','Antena Wimax 3.5','90000012'),(7,2,'SSU4000 2 POTS 1MHZ  ARGENTINA BAND A PR','Antena WLL 2 lineas','100206341'),(8,2,'SSU4400 4 POTS 1MHZ  ARGENTINA BAND A PR','Antena WLL 4 puertos','100206342'),(9,2,'CANOPY MOTOROLA BH 10 5.7 GHZ PUNTA DE 0','Canopy 5.7ghz','100207449'),(10,2,'ANTENA DE 5.8 GHZ ALVARION - SU-A-5.8-6-','Antena XL 3.5','100207456'),(11,2,'ANTENA DE XL OUTDOOR ALVARION - SU-RA-3.','Antena XL 3.','100207458'),(12,2,'ANT YAGI 13 EL 1850 MHZ','Antena Yagui 13 elementos 1850mhz','102005579'),(13,2,'ANT YAGUI 14 EL 850 MHZ','Antena Yagui 14 elementos 850mhz','102005580'),(14,2,'4M-K2-CPE-PRO-ODU-1D-3.3','AVERIGUANDO MAXI','90000008'),(15,2,'KIT MONTAJE DIVERSIDAD 3.5 PARA PEDESTAL','Kit de montaje para pedestales PAP','NT100205094'),(16,2,'ANTENA PUNTO A PUNTO MICROONDAS ERICSSON','Antena Ericsson PAP','100205103'),(17,2,'PUNTO A PUNTO MICROONDAS ERICSSON ODU 23','Antena Ericsson 23 PAP','100207263'),(18,2,'CANOPY CPE STANDARD 5,7GHZ - 5700SMDD','Canopy 5.7ghz','100207120'),(19,2,'PAP MW PBLA HUAWEI RTN Ø0,6MTS - 7GHZ','Parabola Huawei de 0.6mts 7ghz PAP','100207305'),(20,2,'PAP MW PBLA HUAWEI RTN Ø0,6MTS - 15GHZ','Parabola Huawei 0.6mts 15ghz PAP','100207306'),(21,2,'PAP MW PBLA HUAWEI RTN Ø0,6MTS - 23GHZ','Parabola Fuawei 0.6mts 23ghz PAP','100207307'),(22,2,'PAP MW PBLA HUAWEI RTN Ø1,2MTS - 7GHZ','Parabola Huawei 1.2mts 7ghz PAP','100207308'),(23,2,'PAP MW PBLA HUAWEI RTN 0.3MTS - 23GHZ','Parabola Huawei 0.3mts 23ghz PAP','100207310'),(24,2,'PAP MW PBLA HUAWEI RTN 0.3MTS - 15GHZ','Parabola Huawei 0.3mts 15ghz PAP','100207311'),(25,2,'ANTENA PUNTO A PUNTO MICROONDAS   PARABO','Corroborar antena','100207315'),(26,2,'PUNTO A PUNTO MICROONDAS VARIAS ANTENA P','corroborar antena','100207324'),(27,2,'ANTENA ANDREW INTEGRADA 23 GHZ - VHLP2-2','Antena Andrew 23ghz PAP','100207331'),(28,2,'ANTENAS ANDREW INTEGRADA 15 GHZ - VHLP1-','Antena Andrew 15ghz PAP','100207334'),(29,2,'ANTENA ANDREW INTEGRADA 15 GHZ - VHLP2-1','Antena Andrew 15ghz PAP','100207337'),(30,2,'ODU 300, 15GHZ,T-R 0315/322 MHZ, 14630-1','ODU 300 15ghz PAP','100207357'),(31,2,'PAP MW ODU HUAWEI RTN 600 - 18GHZ (BAJA)','Antena Huawei rtn600 18ghz PAP','100207365'),(32,2,'CANOPY PTP 58400 LITE INTEGRATED - LINK','Canopy PTP 58400 PAP','100207367'),(33,2,'PAP MW ODU HUAWEI RTN 600 - 7GHZ (ALTA)','ODU Huawei rtn600 7ghz alta PAP','100207374'),(34,2,'PAP MW ODU HUAWEI RTN 600 - 7GHZ (BAJA)','ODU Huawei rtn600 7gz Baja PAP','100207375'),(35,2,'PAP MW ODU HUAWEI RTN 600 - 15GHZ (ALTA)','ODU Huawei rtn600 15ghz Alta PAP','100207376'),(36,2,'PAP MW ODU HUAWEI RTN 600 - 15GHZ (BAJA)','ODU Huaweirtn600 15ghz Baja PAP','100207377'),(37,2,'PAP MW ODU HUAWEI RTN 600 - 23GHZ (ALTA)','ODU Huawei rtn600 23ghz Alta PAP','100207378'),(38,2,'PAP MW ODU HUAWEI RTN 600 - 23GHZ (BAJA)','ODU Huawei rtn600 23ghz Baja PAP','100207379'),(39,2,'PAP MW COMB ODU HUAWEI RTN 600 DE 7GHZ','ODU Huawei rtn600 7ghz PAP','100207380'),(40,2,'PAP MW COMB ODU HUAWEI RTN 600 DE 15GHZ','ODU Huawei rtn600 15ghz PAP','100207381'),(41,2,'PAP MW COMB ODU HUAWEI RTN 600 DE 23GHZ','ODU Huawei rtn600 23ghz PAP','100207382'),(42,2,'AIRMUX200 - ODU - FREC 5.8 GHZ - C/ SALI','ODU Airmux 200 5.8ghz PAP','100207386'),(43,2,'RFU 23 GHZ (ALTA) - 201-904060-206','RFU 23ghz Alta PAP','100207398'),(44,2,'PAP MW ODU 9415 UX-4E1-INTEG-4XE1-15 GHZ','ODU 9415 15ghz PAP','100207411'),(45,2,'ANTENA PLANA PARA 000001006S AIRMUX200','Antena plana para Airmux 200 PAP','100207416'),(46,2,'RFU 15 GHZ -HARRIS BAJA 201-904050-601','RFU 15ghz Harris Baja PAP','100207420'),(47,2,'RFU 15 GHZ - HARRIS ALTA 201-904050-602','RFU 15ghz Harris Alta PAP','100207421'),(48,2,'RFU 23 GHZ (BAJA) - 201-904060-205','RFU 23ghz Baja PAP','100207428'),(49,2,'RFU 7 GHZ  (BAJA) - 201-904100-203','RFU 7ghz Baja PAP','100207429'),(50,2,'RFU 7 GHZ  (ALTA) - 201-904100-204','RFU 7ghz Alta PAP','100207430'),(51,2,'ALCATEL- ODU 9415FLAT FS=728MHZ - UPPER','ODU Alcatel  PAP','100207440'),(52,2,'PAP MW ODU 9418 UX-4E1-INTEG-4XE1-18 GHZ','ODU MW PAP','100207441'),(53,2,'CLUSTER MGM MOTOROLA 5.8 GHZ CLUSTER MAN','Cluster Motorola 5.8 PAP','100207450'),(54,2,'ODU 300, 15 GHZ, T-R 0315/322 MHZ, 14945','ODU 300 15ghz PAP','100207481'),(55,2,'PAP MW PBLA HUAWEI RTN Ø1,8MTS - 7GHZ','Parabola Huawei 1.8mts 7ghz PAP','100208342'),(56,2,'ODU HP HUAWEI RTN 600 - 7GHZ (ALTA)','Odu Huawei rtn600 7ghz Alta PAP','100208511'),(57,2,'ODU HP HUAWEI RTN 600 - 7GHZ (BAJA)','ODU Huawei rtn600 7hgz Baja PAP','100208512'),(58,2,'ALCATEL-ODU23G-Sub2-40M(MPTMC23SB2.40)','ODU Alcatel PAP','102005368'),(59,2,'ALCATEL- Antena int23Ghz 30cm(ANTINT23.30)','ODU Alcatel 23ghz PAP','102005372'),(60,2,'ALCATEL-MSS1c (hasta 2 MPT)(MSS1C.01)','corroborar','102005381'),(61,2,'ALCATEL-Kit cable UTP 80m ODU(CABUTP80)','KIT Alcatel 80mts UTP PAP','102005392'),(62,2,'Antena Andrew Integrada 15ghz - vhlp2-1','corroborar','4401499'),(65,2,'IAN-08E16 /16PORTS CAPACITY COIP GATEWAY','Ian 08 16 puertos','100206920'),(66,2,'EQUIPO BASE SAS-X2222-2 SASHP  4QAM, 14/','SAS 2222-2','100207410'),(67,2,'FUENTE TIPO SWICHING C/AISLACION GALVANI','Fuente ','100204915'),(68,2,'INVERSOR DE 48VCC / 220VCA - POTENCIA 10','Inversores 48v','100204920'),(69,2,'3G-ACC-TS9-TNC – CABLE PARA ADAPTADOR','Cable adaptador 3g tnc','100206235'),(70,2,'TOTALFONE SERIE 2000 VOIP 16 PORTS VOICE','Voip totalfone 16p','100206500'),(71,2,'S3928P ETHERNET SWITCH WITH 24 10/100 BA','Switch 24','100206745'),(72,2,'ROUTER LINKSYS 4 PORT SWITCH VPN BEFSX41','Linksys 4 p','100206895'),(73,2,'IAN-08E32+/32PORTS INSTALLED QXX0191300','Ian 08 32p','100206916'),(74,2,'FUENTE, DE ALIMENTACION DE 220 VCA / 48','Fuente 48v','100207180'),(75,2,'FUENTE, SIN CARGADOR DE BATERIAS LPS 65/','Fuente sin cargador de baterias','100207189'),(76,2,'RECTIFICADOR HT DE 48 VCC / 6 A (PMAX 36','Rectificador 48v','NT100207202'),(77,2,'ALVARION VOICE GATEWAY (SIP) INDOOR MOD','Alvarion Voip','100207363'),(78,2,'EQUIPO BASE SAS4-X2411-2  -  SAS4K, 4QAM','Sas 2411-2','100207399'),(79,2,'EQUIPO BASE SAS4-X2111-2  -  SAS4K,4QAM,','Sas 2111-2','100207400'),(80,2,'EQUIPO BASE SAS4-X0411-2  -  SAS4K, 4QAM','Sas 0411-2','100207402'),(81,2,'EQUIPO BASE SAS-E-2204-01  -  HP, 14 MHZ','Sas 2204-01','100207405'),(82,2,'EQUIPO BASE SAS-E2022-1  -  HP, 7 MHZ, 2','Sas 2022.1','100207406'),(83,2,'EQUIPO BASE SAS-E-1002-02  -  P, 7 MHZ,','Sas 1002-02','100207407'),(84,2,'MODEM HARRIS -TRUE POINT 4000 - 101-9040','Modem Harris','100207425'),(85,2,'EQUIPO BASE SAS-E2222-01  -  HP, 14 MHZ,','Sas 2222-01','100207443'),(86,2,'SUSCRIBER DE XL INDOOR ALVARION - SU-NI-','Suscriber xl','100207457'),(87,2,'GABINETE XL/VL - BS-SH-3.5A1','Gabinete XL ','100207467'),(88,2,'ETH MULTISERVICE GW,4E1, UTP, UTP','','100207945'),(89,2,'EQUIPO BASE SAS4-X2411-2  -  SAS4K, 4QAM','Sas 2411-2','100208133'),(90,2,'MEDIATRIX - MEDIATRIX 3632 TWO-PORT ISDN','Mediatrix 2p','90000003'),(91,2,'AUDIOCODES MP-118 - 8FXS','Audiocodes 8fx','90000006'),(92,2,'IAD LAN + WAN + 4 FXS','Iad 4fxs','90000009'),(93,2,'AUDIOCODES MP-124 - 24FXS','Audiocodes 24fxs','90000013'),(94,2,'IAD LAN + WAN + 16 FXS','Iad 16fxs','90000014'),(95,2,'BMAX-CPE-SRU-TC-1D2V-BAT (PN 735160)','','90000016'),(96,2,'AUDIOCODES MP-202 - RESIDENTIAL VOIP ACC','MP 202','90000018'),(97,2,'IAD LAN + WAN + 8 FXS','IAD 8fxs','90000019'),(98,2,'MEDIATRIX - MEDIATRIX 3631 ONE-PORT ISDN','Mediatrix 1 p','90000020'),(99,2,'BMAX-CPE-IDU-PRO-1D - 735100','IDU','90000022'),(100,2,'BREEZEMAX CPE IDU 2V1D','CPE IDU','90000025'),(101,2,'IAN-08EC CHASSIS AC,MGCP VOIP GATEWAY BA','IAN 08','90000026'),(102,2,'ROSETA TERMINAL 2FO SC-PC','Rosetas 2FO ','NT100205651'),(103,2,'probando eror','','100205651'),(104,2,'IAN-02EX UTSI 2 PORT VOIP TA 2E-PORT/110','Ian 02ex 2p','100206918'),(105,2,'RECT/CARG 48/6A C/BAT RACK 19PLG-GPPA/RE','Rectificador 48 ','NT100204923'),(106,2,'EQUIPO DE 4 LINEAS PARA GPON Y WX','4 lineas gpon','90000000'),(107,2,'GPON- ECHOLIFE HG850A 4FE 2POTS','Gpon 4fe 2p','90000001'),(108,2,'ONT GPON CON WI-FI HG8245','ONT gpon con wifi','90000004'),(109,2,'CONECTOR N MACHO PREMIUN ANDREW -L4PNM-R','Conector N Macho','NT100204668'),(110,2,'PUNTO A PUNTO MICROONDAS IDU MMU 2X2 - 3','Idu PAP','100205131'),(111,2,'PANEL DE TRIBUTARIOS BNC DE 16E1 P/00000','Panel tributario BNC','100205157'),(112,2,'CANOPY SURGE SUPPRESSOR - 600SSB','Canopy Surge','NT100204877'),(113,2,'CANOPY FUENTE PARA CPE','Fuente canopy','NT100204903'),(114,2,'RADIOS ESPECTRO EXPANDIDO LYNXS ANTENA P','LYNXS ','100205106'),(115,2,'PANEL DE TRIB RJ45 120OHM 16E1-H RTN 620','Panel de trib Rj45','NT100205164'),(116,2,'PUNTO A PUNTO MICROONDAS PROXIM IDU TSUN','Idu Tsun','100207264'),(117,2,'CFM-M4-MUX','','100207275'),(118,2,'PAP MW POWER IDU RTN - SL6-PXC','Power Idu RTN','100207369'),(119,2,'PAP MW CONTROLADORA IDU RTN - SL6-SCC','Controladora PAP','100207370'),(120,2,'PAP MW ETH (4X10/100M) IDU RTN -SL6-EFT4','PAP MW ETH 4p','100207371'),(121,2,'PAP MW 16XE1 (120 OHMS) IDU RTN-SL6-PH1B','PAP MW 16p','100207372'),(122,2,'PUNTO A PUNTO MICROONDAS PLACA 2XSTM-1 O','Placa 2 stm PAP','100207373'),(123,2,'PAP MW IF IDU HUAWEI RTN - SL6-IF1A','PAP MW IDU Huawei','100207383'),(124,2,'IDU-230-UTP-2E1','IDU 230 UTP','100207387'),(125,2,'PAP MW  8XE1 (120 OHMS) IDU RTN-SL6-PO1B','PAP MW 8p','100207393'),(126,2,'PUNTO A PUNTO MICROONDAS IDU 9470 UX -','IDU microondas UX','100207401'),(127,2,'AIRMUX-200/F58/230/UTP/2E1/KIT','Airmux 200','100207415'),(128,2,'SPU (IDU HARRIS 1+0 UP TO 16E1 + 2X10/10','IDU HARRIS','100207422'),(129,2,'PAP MW DIG TRANS  SYST  IDU SKYPLEX II','IDU Skyplex','100207442'),(130,2,'PUNTO A PUNTO MICROONDAS IDU 9415 UX -','IDU 9414','100207446'),(131,2,'PAP MW CHASIS IDU RTN 620 - SL6K2AFB','Chasis IDU RTN 620','100207474'),(132,2,'PAP MW FAN IDU RTN 620 - SL6-FAN','IDU RTN 620','100207475'),(133,2,'1642EMC/1642EMUX - 1X45 MB/S BOARD 75 OH','','100207528'),(134,2,'TRIBUTARIOS 34 MBIT/S ELECTRICO UNIDAD 3','Tributario 34mbit','100207802'),(135,2,'LE0MPSD16 DC POWER MODULE','Modulo Power','100208196'),(136,2,'SWITCH ATM  CATALYST 2900 SL SERIES ATM','Switch','100204254'),(137,2,'EQUIPO BASE SWITCH CATALYST 3548-PWR-XL','Switch','100204283'),(138,2,'REDUNDANT POWER SUPPLY FOR NC316BU-16 (9','Power supply','100204919'),(139,2,'UPS 500 VA PF:0,6-TE:220 VCA, TS 220 VCA','ups 500','100204950'),(140,2,'AIRMUX-  200/F58/EXT /230/UTP/2E1/KIT','AIRMUX ','100205152'),(141,2,'1642EMC - SWL-B 1642EMC R1.1 LIC FEE / S','ALCATEL 1642','100205195'),(142,2,'ASSEMBLY CHASIS (16E1) METRO 500','METRO 500','100205240'),(143,2,'1000BASE-LH70-80 SFP(SFP-GE-LH70-SM1550)','1000 BASE','100205394'),(144,2,'UPS LYONN 1200 VA - GABINETE L - 1 HORA','UPS LYOON','100206377'),(145,2,'FIREWALL CISCO 8XETH-UNL USERS - ASA5505','CISCO ASA 5505','100206386'),(146,2,'FIREWALL CISCO 5XETH-UNL USERS - ASA5520','CISCO ASA 5520','100206387'),(147,2,'FIREWALL JUNIPER NETWORKS - SSG-140','JUNIPER','100206389'),(148,2,'1000BASE-LX SFP SINGLE MODE OPTICAL MODU','MODEL OPTICAL MODU','100206396'),(149,2,'prueba','prueba','nt967527268242712'),(150,2,'2801 ROUTER/AC PWR,2FE,4SLOTS(2HWICS)','CISCO 2801','100206399'),(151,2,'CISCO ME 3400 SWITCH - 24 10/100 + 2 SFP','SWICHT ME 3400','100206400'),(152,2,'S6500 48-PORT 100BASE-FX ETHERNET OPTICA','ETHERNET OPTICA','100206404'),(153,2,'QUIDWAY S2008TP-EA ETHERNET SWITCH WITH','HUAWEI 2008','100206405'),(154,2,'2811 W/ AC PWR, 2FE, 4HWICS, 2PVDMS,','2811 4HWICS','100206406'),(155,2,'CISCO 2811 - 2811 W/ DC PWR,2FE,4HWIC','CISCO 2811','100206410'),(156,2,'2801 VOICE BUNDLE, PVDM2-8, SP SERV,','2801 VOICE BUNDLE','100206413'),(157,2,'CISCO871-K9 DUAL ETHERNET SECURITY ROUTE','CISCO 871','100206416'),(158,2,'CISCO1750 - DESC. EQUIPO BASE 1750  -585','CISCO 1750','100206418'),(159,2,'CISCO1721 - DESC: 10/100BASET MODULAR RO','CISCO 1721','100206421'),(160,2,'EQUIPO BASE ROUTERS 1841 MODULAR ROUTER','CISCO 1841','100206422'),(161,2,'EQUIPO BASE ROUTERS  3640  -','ROUTERS 3640','100206423'),(162,2,'ROUTER 3745 SERIES 4-SLOT MULTISERVICE A','CISCO 3745','100206424'),(163,2,'ROUTER CISCO 1601','CISCO 1601','100206425'),(164,2,'AR 28-09 CHASIS ROUTER HUAWEI - 1XFE 1XV','HUAWEI 2809','100206426'),(165,2,'ROUTER HUAWEI AR-1810 - 1XV35 1XETH','HUAWEI 1810','100206427'),(166,2,'CISCO ATA 186','CISCO ATA 186','100206468'),(167,2,'MODEM RAD DATO COMUNICATIONS FOM-E3-FC13','MODEM RAD FOM','100206482'),(168,2,'FIREWALL CISCO 8XETH-50 USERS - ASA5505-','CISCO ASA 5505','100206572'),(169,2,'EQUIPO BASE FIREWALL PIX-515-R-BUNDLE  -','CISCO PIX 515','100206580'),(170,2,'PIX 515E-UR-FE BUNDLE (CHAS,UNRESTRICTED','PIX 515','100206582'),(171,2,'FIREWALL  PIX-506 (CHASSIS. SOFTWARE. TW','PIX 506','100206588'),(172,2,'2851 W/AC PWR, 2GE,4HWIC,3PVDM,1NME-XD,2','2851 4HWIC','100206740'),(173,2,'256 TO 512MB DDR DRAM FACT UPG CISCO2851','CISCO 2851','100206741'),(174,2,'SWITCH NBASE   SINGLE-SLOT CHASSIS WITH','SWICHT','100206753'),(175,2,'CISCO575 LONG REACH ETHERNET CPE   -CISC','CISCO 575','100206760'),(176,2,'SWITCH, CISCO585-LRE -LONG REACH ETHER N','CISCO 585','100206762'),(177,2,'EQUIPO BASE, QUIDWAY S3026 LANSWITCH CHA','HUAWEI 3026','100206769'),(178,2,'NC316BU-2/AC - DESC: DOUBLE SLOT CHASSIS','DOUBLE SLOT CHASIS','100206775'),(179,2,'CATALYST 2950. 12 10/100 WITH 2 GBIC SLO','CATALYST 2950','100206790'),(180,2,'CATALYST 1900 SERIES SWITCH CATALYST 190','CATALYST 1900','100206801'),(181,2,'ROUTER HUAWEI AR-1821- 4XETH-LAN 1XETHWA','HUAWEI 1821','100206804'),(182,2,'ROUTER -CISCO1760-V  DESC: CISCO 1760-V','CISCO 1760','100206821'),(183,2,'EQUIPO BASE ROUTERS 805 CON UN POR ETHER','CISCO 805','100206828'),(184,2,'EQUIPO BASE ROUTERS  1751  10/100 MODULA','CISCO 1751','100206830'),(185,2,'EQUIPO BASE CISCO 2610XM  10/100 ETHERNE','CISCO 2610','100206851'),(186,2,'EQUIPO BASE, ROUTERS CISCO 2620','CISCO 2620','100206855'),(187,2,'ROUTER -CISCO1720  DESC: 10/100BASE T MO','CISCO1720','100206860'),(188,2,'ROUTER CISCO 806 BROADBAND GATEWAY ROUTE','CISCO 806','100206864'),(189,2,'ROUTER CISCO 1700 VPN MODULE  -MOD1700-V','CISCO 1700','100206867'),(190,2,'ROUTER HUAWEI QUIDWAY AR 28-11-AC','HUAWEI 2811','100206897'),(191,2,'CONVERTER. 10/100 BASE TX TO FX SM.1310N','CONVERTER','100206914'),(192,2,'MODEM,  SINCRONICO, 2/4 HILOS FULL DUPLE','MODEM TRANS MD 2460','100206923'),(193,2,'CATALYST 3560 24 10/100 + 2 SFP STANDARD','CATALYST 3560','100206945'),(194,2,'PLACA DE VIDEO SINGLE CHNL RCVR-SC--6312','PLACA DE VIDEO SINGLE CHANEL','100207011'),(195,2,'MININODES DESC: SBM2048M/MINI NODE 220V-','MININODE','100207232'),(196,2,'EQUIPO BASE 1521 FL SM 1310 NM  -3AG2051','EQUIPO BASE 1521 ','100207241'),(197,2,'MININODE DESC: SBM2048PM/MININODE W/8 PO','MININODE','100207242'),(198,2,'MININODE  DESC: SBM2048M/MINI NODE 220V-','MININODE 2028M','100207244'),(199,2,'UNIDAD DE ACCESO, FCD-IP/E1/U/S','UNIDAD DE ACCESO FCD','100207281'),(200,2,'U DE ACC - FCDE1/AC/1/V35','UNIDAD DE ACCESO 1 V35','100207284'),(201,2,'UNIDAD DE ACCESO FCD-E1/L/U/AC/V35','UNIDAD DE ACCESO FCD','100207285'),(202,2,'UNIDAD DE ACCESO FCD-E1I/AC/V35 1E1G703','UNIDAD DE ACCESO FCD','100207286'),(203,2,'UNIDAD DE ACCESO  -FCD-E1/AC/V35/V35','UNIDAD DE ACCESO  -FCD','100207288'),(204,2,'UNIDAD DE ACCESO FCDE1/S1/48/2/V35','UNIDAD DE ACCESO FCDE1','100207289'),(205,2,'UNIDAD DE ACCESO, FCD-IP/E1/U/S','UNIDAD DE ACCESO, FCD-IP','100207291'),(206,2,'UNIDAD DE ACCESO - FCD E1LC/V.35','UNIDAD DE ACCESO - FCD E1LC','100207300'),(207,2,'OM5200 - PLACA OCLD BANDA 7 CANAL 4 [NT0','OM5200','100207350'),(208,2,'1642EMC - MAIN UNIT (14E1 - 75 OHM - 48V','1642EMC','100207525'),(209,2,'OME6500 2 X OC-48/STM-16 SFP CIRCUIT PAC','OME6500','100207578'),(210,2,'OME6500 - 10G OTR FOR SONET / SDH / 10GE','OME6500','100207580'),(211,2,'OME6500 40A POWER INTERFACE CARD (BREAKE','OME6500 40A ','100207587'),(212,2,'OME6500 ACCESS PANEL (SDH) - RELEASE 1.0','OME6500 ACCESS PANEL','100207588'),(213,2,'OME6500 8 X OC-3/12/STM-1/4 SFP CIRCUIT','OME6500 8 X OC-3','100207638'),(214,2,'EQUIPO BASE AM-1 PLUS 220 AC (METROPOLIS',' AM-1 PLUS 220 AC (METROPOLIS','100207678'),(215,2,'WAVESTAR AM-1-X16E1. S1:4','WAVESTAR AM-1','100207684'),(216,2,'OPTIX METRO 500, SS42EFTQ01, 4 PORT 10M/','METRO 500','100207779'),(217,2,'EQUIPO BASE OPTIX 155/622H SUBRACK METRO','METRO 1000','100207827'),(218,2,'SINGLE CHNL XMTR ST-AND ALONESC ADC TELE','SINGLE CHANEL','100208024'),(219,2,'ASGA EQUIPO BASE OPTICAL MODEM AND MULTI','MODEM ASGA','100208033'),(220,2,'MODEM Y MULTIPLEXOR OPTICO 2 E1 AD (CON','MODEM Y MULTIPLEXOR OPTICO','100208035'),(221,2,'MRV-OPTICAL-MUX - EM316PAMULC8','MRV','100208044'),(222,2,'MRV-SFP-1000BASE-SX - SFP-TGD-SX','MRV SFP','100208047'),(223,2,'EQUIPO BASE   -  DESC: 2-SLOT CHASSIS WI','EQUIPO BASE   -  DESC: 2-SLOT','100208079'),(224,2,'S2309TP-EI MAINFRAME(8 10/100 BASE-T POR','HUAWEI 2309','100208144'),(225,2,'S3328TP MESWITCH 24XFE 4XSFP AC220V','HUAWEI 3328','100208207'),(226,2,'S3328TP MESWITCH 24XFE 4XSFP DC48V','HUAWEI 3328','100208212'),(227,2,'CISCO881GW-GN-A-K9 WITH ANT 3G B/U','CISCO 881 CON ANTENA 3G','100208363'),(228,2,'PCEX-3G-HSPA ANTENA 3G P/ C881GW','ANTENA 3G P/ C881GW','100208364'),(229,2,'NT0H32CFE5 - 200GHZ ENHANCED OMX 4-CH BA','NT0H32CFE5','100208383'),(230,2,'WS-C3750G-24TS-E1U - IPS IMAGE','WS-C3750G','100208399'),(231,2,'WS-C2960-48TT-S - C2960-LAN LITE IMAGE','WS-C2960-48TT','100208402'),(232,2,'C881 (2FE)','CISCO 881 SIN ANTENA 3G','100208410'),(233,2,'C1921 IPBASE (2GE,2EHWIC,512DRAM)','C1921 IPBASE ','100208411'),(234,2,'C2901 IPBASE (2GE,4EHWIC,2 DSP)','C2901 IPBASE ','100208412'),(235,2,'C2921 IPBASE(3GE,4EHWIC,3 DSP,1 SM)','C2921 IPBASE','100208413'),(236,2,'C3925 IPBASE (3GE,4EHWIC,4DSP,2SM)','C3925 IPBASE','100208414'),(237,2,'WS-C2960-24-S LAN LITE IMAGE','WS-C2960','100208421'),(238,2,'WS-C2960G-24TC-L-4 T/SFP LAN BASE IMAGE','WS-C2960G','100208422'),(239,2,'S49MIPB-12253SG IOS4900','S49MIPB','100208466'),(240,2,'EQUIPO BASE,  VANGUARD BASE 6435   IN','VANGUARD BASE 6435','100206431'),(241,2,'EQUIPO BASE VANGUARD 340  ROUTERS-49901',' VANGUARD 340 ','100206870'),(243,2,'prueba','prueba','nt123456789'),(244,2,'EQUIPO BASE SWITCH CATALYST 2924 LRE XL','','100206752'),(245,2,'CISCO 3845 - CISCO3845 REDUNDANT DC POWE','','100208110'),(246,2,'ASA 5510 SECURITY PLUS APPLIANCE WITCH S','','100208086'),(247,2,'FOUR-PORT VOICE INTERFACE CARD - FXO (UN','','100204298'),(248,2,'PLACA DE VIDEO VID DEC 10 BIT 4 A, PAL--','','100204431'),(249,2,'CABLE, ADAPTADOR ROUTERS -PA-2CE1/PRI-75','','100204569'),(250,2,'FUENTE  DESC: PAU-10T/WIDE(10T)230/48V A','','100204929'),(251,2,'MODULO INTERFACE DESC: OTE-LED / 2048/84','','100205005'),(252,2,'MODULO INTERFACE  DESC: G703 2048K IF MO','','100205011'),(253,2,'MODULO INTERFACE PARA MININODES DESC: EM','','100205015'),(254,2,'MODULO INTERFACE PARA MININODE  DESC: V2','','100205016'),(255,2,'MODULO INTERFACE  DESC: OTE-LED-M / 2048','','100205020'),(256,2,'MODULO INTERFACE DESC: V35-G704-BS/V.35','','100205024'),(257,2,'PLACA INTERFACE  CCS-UNI/POTS INT.UNIT F','','100205039'),(258,2,'MODULO INTERFACE  DESC: X21-M/X.21 DCE/D','','100205046'),(259,2,'MODULO INTERFACE DESC: V36-M / DCE F/SBM','','100205048'),(260,2,'PLACA INTERFACE GMH / G.704 FRAMED DATA','','100205052'),(261,2,'1642EMC/1642EMUX - OPTICAL MODULE L-1.1','','100205187'),(262,2,'1642EMUX - NEW FAN BOARD (-48V/+24V ACCE','','100205189'),(263,2,'1642EMC/1642EMUX - SWP-1642EMUX/EMC ES1','','100205192'),(264,2,'M500/M1000 - PLACA N X 64 KBIT/S RATE IN','','100205239'),(265,2,'M1000 - PLACA 2XT3 ELECTRICAL INTERFACE','','100205243'),(266,2,'PLACA, 2 X 34/45 MB/S TRIB--NTFT31AB','','100205244'),(267,2,'1642EMUX - NEW DC48/24V BOARD (EMC/EMI C','','100205288'),(268,2,'PLACA NORTEL NTFT 08 AB 2M TRIB','','100205304'),(269,2,'TELLABS - PLACA SDH  STM-1-E/ELECTRIC ST','','100205352'),(270,2,'AR 28-09 2-PORT E1 MODULE-FRACTIONAL - R','','100206394'),(271,2,'VIC 2-2E&M Voice int card 2 gen','','100206551'),(272,2,'LAN-SWITCH,  ATM MM TO SM (1310)-0-25 KM','','100206560'),(273,2,'AR 28-09 1-PORT E1 MODULE-FRACTIONAL - R','','100206658'),(274,2,'4 PORTS FXS OR DID VIC','','100206955'),(275,2,'PLACA, NM-1FE2W  DESC: 1 10/100 ETHERNET','','100206957'),(276,2,'PLACA, NM-1FE-2CEI-B/U  DESC: MODULO','','100206959'),(277,2,'HWIC-2T (PLACA 2-PORT SERIAL WAN IF)','','100206989'),(278,2,'PLACA, 1-PORT SERIAL WAN INTERFACE CARD -WIC-1T','','100207016'),(279,2,'PLACA, PARA ROUTERS PRI 2CE1B','','100207031'),(280,2,'PLACA, PARA ROUTERS  2 PORT E&M VANGUARD','','100207036'),(281,2,'PLACA, PARA ROUTERS CIS-VIC-2 E&M CARD','','100207039'),(282,2,'PLACA HUAWEI SIC RT-SIC-1SAE - 1XV35','','100207044'),(283,2,'TWO-PORT VOICE INTERFACE CARD - FXO VIC2','','100207045'),(284,2,'PLACA, PARA ROUTERS  WIC-1B-S/T  -','','100207062'),(285,2,'VIC3-2FXS VOICE INTERFACE CARD','','100207070'),(286,2,'2 PORT RJ-48 MULTIFLEX TRUNK T1 - VWIC-2','','100207073'),(287,2,'2-PORT RJ-48 MULTIFLEX TRUNK - E1 - VWIC-2MFT-E1 (T1/E1)','','100207075'),(288,2,'PLACA HUAWEI MIM RT-2SAE - 2XV35','','100207082'),(289,2,'MODULO INTERFACE PARA MININODES DESC: EB','','100207234'),(290,2,'MODULO INTERFACE  DESC: EBH718-LAN MODUL','','100207235'),(291,2,'MODULO INTERFACE  DESC: G 703 75 OHMS IF','','100207238'),(292,2,'CATALYST 2900 XL SERIES ATM 155 SM FIBER','','100207259'),(293,2,'BMAX-BST-TDD-NPU (PN 735250)','','100207480'),(294,2,'1642EMC/1642EMUX - 1X34 MB/S BOARD 75 OH','','100207527'),(295,2,'4 X STM-1 OPTICAL INTERFACE BOARD (L-1.1','','100207551'),(296,2,'TRANSMISSION 1642EMC/1642EMUX - ISA-ES1','','100207594'),(297,2,'1642EMUX - MAIN BOARD (AU4) [3AL97226AA*','','100207596'),(298,2,'SS-EFS 4-PORT 10M/100M FAST ETHERNET ELE','','100207614'),(299,2,'TN-1C-PLACA 8X2 MBIT/S ADM (RELEASE 3) W','','100207668'),(300,2,'PLACAS 1XSTM-4 OPTICAL INTERFACE BOARD','','100207734'),(301,2,'HWIC-3G-HSPA INCL. CABL 3M Y ANT 3G','','100208362'),(303,2,'PLACA, 1-PORT RJ-48 MULTIFLEX TRUNK E1 - DESC: VWIC-1MFT-E1 - DESC.','','100208508'),(304,2,'Soportes De Antena Para Mástil (Pipa)  -','','NT100205095'),(305,2,'AR 19-10 CHASIS ROUTER HUAWEI - 1XFE','','100208386'),(306,2,'PLACA  -SFP-GD-XD  DESC: SFP 1000BASE-ZX','','100205486'),(307,2,'ROUTER -CISCO1605-R  DESC: CISCO 1605-R','','100206890'),(308,2,'BALUM 75/120 OHMS','','NT100205685'),(309,2,'ALCATEL-ODU15G-Sub1P-40M(MPTMC15SB1p.40)','','102005365'),(310,2,'ALCATEL-ODU15G-Sub1-40M(MPTMC15SB1.40)','','102005364'),(311,2,'ALCATEL-Antena int15Ghz30cm(ANTINT15.30)','','102005370'),(312,2,'ALCATEL-Antena int15Ghz60cm(ANTINT15.60)','','102005371'),(313,2,'ALCATEL-Antena int23Ghz60cm(ANTINT23.60)','','102005373'),(314,2,'ROUTER -CISCO1751-V  DESC: CISCO1751-V /','','100206420'),(315,2,'AR 28-09 1-PORT 100BASE-TX MODULE - RT-1','','100206657'),(316,2,'MODEM RAD DATO COMUNICATIONS  ASM10/8/SA','','100206484'),(317,2,'4x4 BYPASS OPTICAL','','102006447'),(318,2,'3825 W/AC PWR, 2GE,1SFP, 2NME, 4HWIC, I','','100204017'),(319,2,'UNIDAD DE ACCESO  -FCD-2L/AC','','100207294'),(320,2,'RT-SIC-3G-GSM PLACA 3G, CABL 3M Y ANT 3G','','100208385'),(321,2,'UNIDAD DE ACCESO  -FCD-2L/AC','','100207282'),(322,2,'EVERTZ TX DE FO (7707EO27 TO','','100208773'),(323,2,'OM5100/5200-OTR,UNIVERSAL,BAND2CHANNEL3','','100207885'),(324,2,'OM5100/5200 - OTR, UNIVERSAL,  BAND 1 CH','','100207890'),(325,2,'OM5100/5200 UNIVERSAL 2.5G OCLD B6 C3','','100208367'),(326,2,'WS-X6748-GE-TX - Cat6500 48-port','','102006092'),(327,2,'ROUTER CISCO 2611 / DUAL ETHERNET MODULA','','100206866'),(328,2,'POWER SUPPLY PWR-C45-1300ACV','','100206132'),(329,2,'PLACA CISCO WS-X4548-GB-RJ45','','100206130'),(330,2,'SWITCH, GLC-LH-SM= GE SFP,LC CONNECTOR','','100204016'),(331,2,'VSAT - IDU SKY II - 566000','','100208361'),(332,2,'ALCATEL-ODU23G-Sub2P-40M(MPTMC23SB2p.40)','','102005369'),(333,2,'ALCATEL-Kit UTPintemperieODU(KITCABUTP)','','102005394'),(334,2,'PLACA 1000BASE-ZX SFP GLC-ZX-SM','PLACA 1000BASE-ZX SFP GLC-ZX-SM','100206942'),(335,2,'BYPASS SWITCH EVERTZ - 7707BPX+SC+3RU','BYPASS SWITCH EVERTZ - 7707BPX+SC+3RU','100208050'),(336,2,'SMA-1/SMA-4C - PLACA MUX CONTROLLER - 1','SMA-1/SMA-4C - PLACA MUX CONTROLLER - 1','100205303'),(337,2,'ALARGUE CON ZAPATILLA','','NT948706786656430'),(338,2,'1000BASE-SX SFP (SFP-GE-SX-MM850-A)','1000BASE-SX SFP (SFP-GE-SX-MM850-A)','100205393'),(339,2,'VWIC-1MFT-E1 - DESC. 1-PORT RJ-48 MULTIF','VWIC-1MFT-E1 - DESC. 1-PORT RJ-48 MULTIF','100204421'),(340,2,'PLACA SYSTEM CONTROL & COMUNICATION BOAR','','100205238'),(341,2,'HUAWEI-AR151Basic,1FE,4FE','HUAWEI-AR151Basic,1FE,4FE','102005860'),(342,2,'ASR1001-2.5-SECK9 - VPN FW - AES','ASR1001-2.5-SECK9 - VPN FW - AES','102005911'),(343,2,'2315285 SFP-GE-LX-SM1310-BIDI','','210231528510cb000246'),(344,2,'2315286 SFP-GE-LX-SM1490-BIDI','','100202490'),(345,2,'UNIDAD DE ACCESO - FCD E1LC/V.35/V.35','','100207301'),(346,2,'BATERIA 12V-155AH','BATERIA 12V-155AH','100149528'),(347,2,'NT0H50BBE5-Enhanced Optical Metro','NT0H50BBE5-Enhanced Optical Metro','100208764'),(348,2,'NTOH40BCE5-OM5200 2.5G OCM (OPTICAL','NTOH40BCE5-OM5200 2.5G OCM (OPTICAL','100208766'),(349,2,'FILLER CARD(NT0H52AAE6)','FILLER CARD(NT0H52AAE6)','102006822'),(350,2,'5200 R11.21 SOFTWARE(S0H60RWD1BE5)','5200 R11.21 SOFTWARE(S0H60RWD1BE5)','102006823'),(351,2,'1U FIBER MGMT TRAY(NT0H57BBE6(','1U FIBER MGMT TRAY(NT0H57BBE6(','102006824'),(352,2,'OM5200 ENH COOLING 11U (NT0H51ADE5)','OM5200 ENH COOLING 11U (NT0H51ADE5)','102006825'),(353,2,'ENHANCED TRUNK SW','ENHANCED TRUNK SW','102006826'),(354,2,'OFA VGA C BAND (NT0H35AC','OFA VGA C BAND (NT0H35AC','102006827'),(355,2,'ACTIVE PER BAND EQ','ACTIVE PER BAND EQ','102006828'),(356,2,'OP ATT, 1DB,1260-1620 NM,SM','OP ATT, 1DB,1260-1620 NM,SM','102006829'),(357,2,'OP ATT,1 DB,1260-1620 NM,SM','OP ATT,1 DB,1260-1620 NM,SM','102006830'),(358,2,'OP ATT, 3DB,1260-1620 NM,SM','OP ATT, 3DB,1260-1620 NM,SM','102006831'),(359,2,'OP ATT,4 DB,1260-1620 NM,SM','OP ATT,4 DB,1260-1620 NM,SM','102006832'),(360,2,'AP ATT,5 DB,1260,1620 NM,SM','AP ATT,5 DB,1260,1620 NM,SM','102006833'),(361,2,'OP ATT,8 DB,1260-1620 NM,SM','OP ATT,8 DB,1260-1620 NM,SM','102006834'),(362,2,'OP ATT,9DB,1260-1620 NM,SM','OP ATT,9DB,1260-1620 NM,SM','102006835'),(363,2,'OP ATT,6 DB,1260-1620 NM,SM','OP ATT,6 DB,1260-1620 NM,SM','102006836'),(364,2,'OP ATT,7 DB,1260-1620 NM,SM','OP ATT,7 DB,1260-1620 NM,SM','102006837'),(365,2,'FAN FILTER (NT0H51BAE6)','FAN FILTER (NT0H51BAE6)','NT102006916'),(366,2,'OTR 10G QUAD (NT0H25AAE5)','OTR 10G QUAD (NT0H25AAE5)','NT102006917'),(367,2,'8.5G-11.27G M-RATE XFP','8.5G-11.27G M-RATE XFP','NT102006918'),(368,2,'GE SX/FC 100 MX/FC 200','GE SX/FC 100 MX/FC 200','NT102006919'),(369,2,'MR 1528.38-1568.77 50GHZ','MR 1528.38-1568.77 50GHZ','NT102006920'),(370,2,'565-5100-5200 REL 11.12 SW','565-5100-5200 REL 11.12 SW','NT102006921'),(371,2,'5200 REL.11.12 NE','5200 REL.11.12 NE','NT102006922'),(372,2,'8.5G-10-52G MR XFP 850NM (NTTP86AA)','8.5G-10-52G MR XFP 850NM (NTTP86AA)','102006940'),(373,2,'850NM OC-192 VSR','850NM OC-192 VSR','102006941'),(374,2,'02-PORT 3RD GEN','02-PORT 3RD GEN','102006538'),(375,2,'NORTEL - OTR 4G FC P/N:NT0H08AAE5','NORTEL - OTR 4G FC P/N:NT0H08AAE5','100207881'),(376,2,'NGFW ASA 5525 8GE AC (ASA5525-SSD120-K9)','NGFW ASA 5525 8GE AC (ASA5525-SSD120-K9)','102007083'),(377,2,'C3925 IPBASE','C3925 IPBASE','100208415'),(378,2,'64-channel DSP module(PVDM3-64)','64-channel DSP module(PVDM3-64)','102005833'),(379,2,'MODULO GE-LH70-1550','MODULO GE-LH70-1550','100202488'),(380,2,'CIENA NT0H05DGE5 - OCLD 2.5G B4C7','CIENA NT0H05DGE5 - OCLD 2.5G B4C7','102007612'),(381,2,'LMDSIDU 4xEth/4xE1 (IDU-4VL-4E1)','LMDSIDU 4xEth/4xE1 (IDU-4VL-4E1)','102005627'),(382,2,'LMDSAntenaRT60cmVSG/VS2','LMDSAntenaRT60cmVSG/VS2','102005625'),(384,2,'LMDSAntenaRT60cmVSG/VS2','LMDSAntenaRT60cmVSG/VS2','102005626'),(385,2,'LMDSR.Term10.5G ODU-S','LMDSR.Term10.5G ODU-S','102005624'),(386,2,'PWR-3900-AC(CISCO 3925-3945E AC)','PWR-3900-AC(CISCO 3925-3945E AC)','100208416'),(387,2,'WS-2960-24PS-L PoE 370W 4SFP','WS-2960-24PS-L PoE 370W 4SFP','100208717'),(388,2,'GLC-SX-MMD-1000BASE-SX SFP mod MMF 850','GLC-SX-MMD-1000BASE-SX SFP mod MMF 850','102007521'),(389,2,'C2960S-STACK-Catalyst 2960S FlexStack','C2960S-STACK-Catalyst 2960S FlexStack','102007520'),(390,2,'BREEZEMAX MICRO BST INDOOR','BREEZEMAX MICRO BST INDOOR','100207435'),(391,2,'Cinta aisladora','Cinta aisladora plastica color negro 20mts','060069'),(392,2,'3HE00028CA SFP – GIGE – LC -40/85','3HE00028CA SFP – GIGE – LC -40/85','100202551'),(393,2,'CISCO 3845 - 3845 W/DC PWR, 2GE,1 SFP','CISCO 3845 - 3845 W/DC PWR, 2GE,1 SFP','100206408'),(394,2,'CATALYST 4500 1300W AC POWER','CATALYST 4500 1300W AC POWER','100208148'),(395,2,'OTR 2.5G UNIV 1310NM','OTR 2.5G UNIV 1310NM','102007789'),(396,2,'ORT 2.5G UNIV 1310NM','ORT 2.5G UNIV 1310NM','102007791'),(397,2,'ORT 2.5G UNIV 1310NM','ORT 2.5G UNIV 1310NM','102007792'),(398,2,'TX FO 4SDI C/AU EVERTZ-7707VT53-4+SC+3RU','TX FO 4SDI C/AU EVERTZ-7707VT53-4+SC+3RU','100207354'),(399,2,'ROUTER -CISCO2610  DESC: ETHERNET MODULA','ROUTER -CISCO2610  DESC: ETHERNET MODULA','100206824'),(400,2,'EHWIC-4ESG - 4x10/100/1000M Eth Swicth','EHWIC-4ESG - 4x10/100/1000M Eth Swicth','102005898'),(401,2,'MRV-FC-TRANSPONDER - EM316FC400','MRV-FC-TRANSPONDER - EM316FC400','100208045'),(402,2,'EVERTZ-NT0H06EDE5 - TX DE FO DE 4','EVERTZ-NT0H06EDE5 - TX DE FO DE 4','102009538'),(403,2,'EQUIPO BASE, CISCO 3600 2-SLOT MODULAR R','EQUIPO BASE, CISCO 3600 2-SLOT MODULAR R','100206892'),(404,2,'PLACA, MODULO FAST ETHERNET 100BASE FX','PLACA, MODULO FAST ETHERNET 100BASE FX','100204462'),(405,2,'1-PORT CHANNELIZED E1/T1/ISDN-PRI NETWOR','1-PORT CHANNELIZED E1/T1/ISDN-PRI NETWOR','100206951'),(406,2,'2 PORT 10/100 ETHERNET WITH 2 WAN CARD S','2 PORT 10/100 ETHERNET WITH 2 WAN CARD S','FOC11372HGW'),(407,2,'2 PORT 10/100 ETHERNET WITH 2 WAN CARD S','2 PORT 10/100 ETHERNET WITH 2 WAN CARD S','100206947'),(408,2,'PLACA, PARA ROUTERS PARA VANGUARD 320 1','PLACA, PARA ROUTERS PARA VANGUARD 320 1','100206998'),(409,2,'SMA-1/SMA-4C/SMA-4 - PLACA COMMS GATEWAY','SMA-1/SMA-4C/SMA-4 - PLACA COMMS GATEWAY','100205274'),(410,2,'AGREGADO OPTICO 155S 1.1-2 VEN CORTA DIS','AGREGADO OPTICO 155S 1.1-2 VEN CORTA DIS','100207655'),(411,2,'UNIDAD DE SINCRONISMO G.81S 0,37PPM PARA','UNIDAD DE SINCRONISMO G.81S 0,37PPM PARA','100207498'),(412,2,'SFP-DGD-SX - SFP Dual Rate MM 850mm','SFP-DGD-SX - SFP Dual Rate MM 850mm','102006112'),(413,2,'HOUSING CHASIS 1 SLOT - RA-T/3-A CHASIS PANDATEL','HOUSING CHASIS 1 SLOT - RA-T/3-A CHASIS PANDATEL','100207240'),(414,2,'EQUIPO DE VOZ SOBRE IP VOIP FXS / FXO','EQUIPO DE VOZ SOBRE IP VOIP FXS / FXO\r\n','100206501'),(415,2,'OPTICO MODULE L-1.2 (1642) - 3AL97213AC','OPTICO MODULE L-1.2 (1642) - 3AL97213AC','100207778'),(416,2,'1642EMC/1642EMUX - OPTICAL MODULE S-1.1','1642EMC/1642EMUX - OPTICAL MODULE S-1.1','100205186'),(417,2,'1000BASE-T SFP ELECTRICAL INTERFACE MODU1000BASE-T SFP ELECTRICAL INTERFACE MODU','1000BASE-T SFP ELECTRICAL INTERFACE MODU\r\n','100206757'),(418,2,'MODEM US ROBOTIC COURIER','MODEM US ROBOTIC COURIER','100204096'),(419,2,'CATALYST WS-C2924M-XL-A 24-PORT 10/100','CATALYST WS-C2924M-XL-A 24-PORT 10/100','100207002'),(420,2,'ROUTER -CISCO1601-R  DESC: CISCO 1601-R','ROUTER -CISCO1601-R  DESC: CISCO 1601-R','100206419'),(421,2,'4-PORT ETH CARD (HWIC-4ESW)','4-PORT ETH CARD (HWIC-4ESW)','100206518'),(422,2,'CONVERSOR RAD-AMC10148  -','CONVERSOR RAD-AMC10148  -','100207947'),(423,2,'MODEM RAD DATO COMUNICATIONS ASM40-1/230','MODEM RAD DATO COMUNICATIONS ASM40-1/230','100206474'),(424,2,'MODEM RAD DATO COM - ASM40/230/G703 -','MODEM RAD DATO COM - ASM40/230/G703 -','100206472'),(425,2,'MODEM,  FOM40 / MODEM DE FO E1\"','MODEM,  FOM40 / MODEM DE FO E1\"','100204398'),(426,2,'MODEM RAD DATO COMUNICATIONS ASM40/230/7','MODEM RAD DATO COMUNICATIONS ASM40/230/7','100206477'),(427,2,'MODEM RAD DATO COMUNICATIONS FOM-E1-T1/F','MODEM RAD DATO COMUNICATIONS FOM-E1-T1/F','100206478'),(428,2,'UNIDAD DE ACCESO FCDE1-48-1-V35 (J)  -','UNIDAD DE ACCESO FCDE1-48-1-V35 (J)  -\r\n','100207280'),(429,2,'UNIDAD DE ACCESO FCD-E1/L/U/AC/V35','UNIDAD DE ACCESO FCD-E1/L/U/AC/V35','100207299'),(430,2,'REDUNDANT POWER SUPPLY FOR NC316BU-4S/AC','REDUNDANT POWER SUPPLY FOR NC316BU-4S/AC','100204954'),(431,2,'EQUIPO BASE ROUTERS 2611XM  DUAL 10/100','EQUIPO BASE ROUTERS 2611XM  DUAL 10/100\r\n','100206430'),(432,2,'VOICE 2851 VOICE BUNDLE PVDM2-48 SP SE','VOICE 2851 VOICE BUNDLE PVDM2-48 SP SE','100206462'),(433,2,'7707EO13-HD+SC+3RU (1XHD/SDI TX VIDEO)','7707EO13-HD+SC+3RU (1XHD/SDI TX VIDEO)\r\n','100208346'),(434,2,'ROUTER CISCOSOHO71 / ETHERNET ROUTER. 1E','ROUTER CISCOSOHO71 / ETHERNET ROUTER. 1E\r\n','100206865'),(435,2,'FIREWALL PIX 515E CHASSIS','FIREWALL PIX 515E CHASSIS\r\n','100206597'),(436,2,'EQUIPO BASE FIREWALL PIX 515R UNRESTRICT','EQUIPO BASE FIREWALL PIX 515R UNRESTRICT\r\n','100206578'),(437,2,'CISCO2911/K9 Cisco 2911 w/3 GE 4 EHWIC','CISCO2911/K9 Cisco 2911 w/3 GE 4 EHWIC\r\n','102006926'),(438,2,'ROUTER CISCO 2621XM','ROUTER CISCO 2621XM\r\n','100206834'),(439,2,'2821 W/ DC PWR,2GE,4HWIC,3PVDM,1NME-X','2821 W/ DC PWR,2GE,4HWIC,3PVDM,1NME-X\r\n','100206415'),(440,2,'ROUTER -CISCO3662-DC  DESC: CISCO 3662 -','ROUTER -CISCO3662-DC  DESC: CISCO 3662 -\r\n','100206822'),(441,2,'WS-C2960-24PC-S - POE - LAN LITE ','WS-C2960-24PC-S - POE - LAN LITE \r\n','100208517'),(442,2,'EVERTZ-7707VT51-4+3RU-TX DE FO','EVERTZ-7707VT51-4+3RU-TX DE FO','102009532'),(443,2,'OTR 2.5G UNIV 1310NM','OTR 2.5G UNIV 1310NM','102007788'),(444,2,'EQUIPO BASE ROUTERS 2509-CH  -','EQUIPO BASE ROUTERS 2509-CH  -\r\n','100206840'),(445,2,'PLACA FRAME CONTROLLER EVERTZ(7700FC)','PLACA FRAME CONTROLLER EVERTZ(7700FC)\r\n','102006038'),(446,2,'3HE00062CB GIGE BASE-T RJ45 R6/6','3HE00062CB GIGE BASE-T RJ45 R6/6\r\n','102006088'),(447,2,'OTDR','OTDR','339474621850581'),(448,2,'SWITCH, WS-C2950-24 24 PORT, 10/100 AUT','SWITCH, WS-C2950-24 24 PORT, 10/100 AUT','100204277'),(449,2,'NC316BU-4S/AC -4-slot Chassis 220V ','NC316BU-4S/AC -4-slot Chassis 220V ','102006110'),(450,2,'EM316LNXNM-OT - MGMT for NC316BU','EM316LNXNM-OT - MGMT for NC316BU','102006114'),(451,2,'Redundant PS(NC316-4SRPSAC)','Redundant PS(NC316-4SRPSAC)','102007537'),(452,2,'XFP 10GE, SM, 1310nm, 10km(XFP-10GD-LR)','XFP 10GE, SM, 1310nm, 10km(XFP-10GD-LR)','102007538'),(453,2,'EM316-2XFP-ET(10G Transdual XFP)','EM316-2XFP-ET(10G Transdual XFP)','102008446'),(454,2,'XFP 10GE, SM, 1310nm, 10km(XFP-10GD-LR)','XFP 10GE, SM, 1310nm, 10km(XFP-10GD-LR)','102008447'),(455,2,'XFP-10GD-LR2 (10GE-10G 1550nm 80km)','XFP-10GD-LR2 (10GE-10G 1550nm 80km)','102008448'),(456,2,'RACK 19Plg 10 UNIDADES MURAL-COMPACTO DESLIZANTE 500MM.-MONT-0111','RACK 19Plg 10 UNIDADES MURAL-COMPACTO DESLIZANTE 500MM.-MONT-0111','NT100204816'),(457,2,'modem Cisco DPC 3928 WI-FI con 2 ptos telef','modem Cisco DPC 3928 WI-FI con 2 ptos telef','051035'),(458,2,'6504-E CHASSIS + FAN TRAY + SUP32-GE - W','6504-E CHASSIS + FAN TRAY + SUP32-GE - W','100207145'),(459,2,'JUNIPER NETWORKS SECURE SERVICES GATEWAY','JUNIPER NETWORKS SECURE SERVICES GATEWAY','100206388'),(460,2,'1642EMC/1642EMUX - POWER SUPPLY -48V / +','cable power alcatel','NT100205180'),(461,2,'INSTALLATION KIT 19PLG (1U) - 3AL97254AB','INSTALLATION KIT 19PLG (1U) - 3AL97254AB','NT100205201'),(462,2,'SINGLE CABLE,V.35 SERIAL PORT CABLE,D34F','SINGLE CABLE,V.35 SERIAL PORT CABLE,D34F','NT100205276'),(463,2,'1642EMC/1642EMUX - FEMALE 2MM 8*2MM 75OH','1642EMC/1642EMUX - FEMALE 2MM 8*2MM 75OH','NT100205199'),(464,2,'1-Port 3rd Gen Trunk (VWIC3-1MFT-T1/E1)','1-Port 3rd Gen Trunk (VWIC3-1MFT-T1/E1)','102005829'),(465,2,'CABLE E1 SS-DL-4E1-75-30 (4X CHASIS M100','CABLE E1 SS-DL-4E1-75-30 (4X CHASIS M100','NT100204026'),(466,2,'V.35 CABLE, DTE MALE TO SMART SERIAL, 1','V.35 CABLE, DTE MALE TO SMART SERIAL, 1','NT100204094'),(467,2,'CABLE, CON CONECTORES RS-232 DCE FEMALE-','CABLE, CON CONECTORES RS-232 DCE FEMALE-','NT100204559'),(468,2,'CABLE, ROUTER -CAB-SS-232MT  DESC: RS-23','CABLE, ROUTER -CAB-SS-232MT  DESC: RS-23','NT100204589'),(469,2,'CABLE, CON CONECTORES RS-232 DTE MALE 10','CABLE, CON CONECTORES RS-232 DTE MALE 10','NT100204606'),(470,2,'CABLE,  CON CONECTORES V35 DCE FEMALE-SM','CABLE,  CON CONECTORES V35 DCE FEMALE-SM','NT100204613'),(471,2,'CABLE, ROUTER -CAB-V35FC  DCE FEMALE 10','CABLE, ROUTER -CAB-V35FC  DCE FEMALE 10','NT100204617'),(472,2,'CABLE, ROUTER CAB-SS-V35MT  -','CABLE, ROUTER CAB-SS-V35MT  -','NT100204618'),(473,2,'CONECTOR COAXIAL BNC 75 OHM MACHO RECTO','CONECTORES BNC','NT100204491'),(474,2,'CUPLA, BNC HEMBRA - HEMBRA','CUPLA, BNC HEMBRA - HEMBRA','NT100204505'),(475,2,'PATCHCORD, DE UTP CATEGORIA 6A DE 2.1 MT','PATCHCORD, DE UTP CATEGORIA 6A DE 2.1 MT','NT100204532'),(476,2,'BANDEJA LIVIANA P/ RACK 19PLG(1657010-1)','BANDEJA LIVIANA P/ RACK 19PLG(1657010-1)','NT100204667'),(477,2,'ATENUADOR DE FO PARA CONECTOR LC-PC 8DB','ATENUADOR DE FO PARA CONECTOR LC-PC 8DB','NT100205466'),(478,2,'ATENUADOR DE FO PARA CONECTOR LC-PC 10DB','ATENUADOR DE FO PARA CONECTOR LC-PC 10DB','NT100205469'),(479,2,'OCTAPACK C/BALUNES 75/120 -PX1-A00027','OCTAPACK C/BALUNES 75/120 -PX1-A00027','NT100205687'),(480,2,'Modem Sagemcom F@ST 3486 WI-FI con 2 pts telefonicos, 4 ptos red','Modem sagemcom 3486','051039'),(481,2,'Modem Sagemcom F@ST 3686 WI-FI con 2 pts telefonicos, 4 ptos red','Modem Sagemcom 3686 WIFI','051040'),(482,2,'Modem Sagemcom F@ST 3284 WI-FI con 2 pts telefonicos, 4 ptos red','Modem Sagemcom 3284','051036'),(483,2,'BMAX-4M-NPU','\r\nBMAX-4M-NPU\r\n','100208208'),(484,2,'ASA 5510 APPLIANCE WITH SW, 5FE, 3DES/AE','ASA 5510 APPLIANCE WITH SW, 5FE, 3DES/AE','100208094'),(485,2,'5MJ55215AA Metrocell Indoor 9363','5MJ55215AA Metrocell Indoor 9363','102007558'),(486,2,'Pcord FO SM SC-PC/LC-PC 1,5 m','Pcord FO SM SC-PC/LC-PC 1,5 m','NT100205412'),(487,2,'Pcord FO SM LC-PC/SC-PC 30 m','Pcord FO SM LC-PC/SC-PC 30 m','NT100205184'),(488,2,'Pcord FO SM LC-PC/SC-APC 15 m','Pcord FO SM LC-PC/SC-APC 15 m','NT100205449'),(489,2,'Pcord FO SM LC-PC/SC-PC 20 m','Pcord FO SM LC-PC/SC-PC 20 m','NT100205441'),(490,2,'CAPUCHON P/LUG RJ45','CAPUCHON P/LUG RJ45','NT100204256'),(491,2,'CABLE E3/T3/STM-1 SS-DL-SMB-75-30 (4X PL','CABLE E3/T3/STM-1 SS-DL-SMB-75-30 (4X PL','NT100204499'),(492,2,'CONECTOR PLUG RJ 45 P/CABLE RIGIDO','CONECTOR PLUG RJ 45 P/CABLE RIGIDO','NT100204521'),(493,2,'ACOPLADOR, OPTICO CON CONECTORES SC/PC','ACOPLADOR, OPTICO CON CONECTORES SC/PC','NT100205447'),(494,2,'Pcord FO SM LC-PC/SC-PC 20 m','Pcord FO SM LC-PC/SC-PC 20 m','NT100205541'),(495,2,'Pcord FO SM SC-APC/SC-APC 1,5 m','Pcord FO SM SC-APC/SC-APC 1,5 m','NT100205418'),(496,2,'Pcord FO SM SC-APC/SC-APC 20 m','Pcord FO SM SC-APC/SC-APC 20 m','NT100205533'),(497,2,'Pcord FO SM SC-APC/SC-APC 10 m','Pcord FO SM SC-APC/SC-APC 10 m','NT100205614'),(498,2,'TSYS-BTI-SFP-GBD40L-DD-31/49S','','102011572'),(499,2,'TSYS-BTI-SFP-GBD40L-DD-49/31S','','102011573'),(500,3,'Mochila Netacom','Mochila para elementos de seguridad','997843015886674'),(501,3,'CASCO CON MENTONERA','','NT548833792441277'),(502,3,'Protector visual','','NT539918220023852'),(503,3,'Protectores auditivos','','NT835262104693447'),(504,4,'Filtro de Aire, Fiat Uno','Filtro de Aire, Fiat uno','NT438831434145010'),(505,4,'Filtro de aceite, Fiat Uno','FILTRO DE ACEITE, FIAT UNO','NT572578916765524'),(506,4,'Filtro de Nafta, Fiat uno','FILTRO DE NAFTA, FIAT','NT741563958200363'),(507,4,'Filtro de Aire, KANGOO','FILTRO DE AIRE, KANGOO','NT143291670132354'),(508,4,'Filtro de nafta, kangoo','Filtro de nafta, kangoo','NT240114903769664'),(509,4,'Filtro de aceite, Kangoo','Filtro de aceite, Kangoo','NT732416467540623'),(510,4,'Filtro de Nafta, F100','','NT806030742600075'),(511,4,'Filtro de Aceite, F100','Filtro de Aceite, F100','NT232259273230987'),(512,4,'Litros de Aceite  Motor','Aceite de Motor','NT543688008140307'),(513,4,'Refrigerante','','NT717063213511198'),(514,4,'LIQUIDO CAJA','','NT032789135919762'),(515,4,'Liquido de Freno','','NT308802459391787'),(516,4,'LIQUIDO HIDRAULICO','LIQUIDO HIDRAULICO','NT226327479303442'),(517,4,'ACEITE DE DE CAJA','','NT139634259676437'),(518,4,'REFRIGERANTE','','NT711724801144496'),(519,5,'MODEM 3G','','NT852200177277735'),(520,5,'MODEM 3G','','NT656940467461545'),(521,5,'PENDRIVE 8 GB','','NT585135781010673'),(522,5,'PENDRIVE 2 GB','','NT013925134074826'),(523,6,'MARTILLO','','NT941751640375373'),(524,6,'Francesa','','NT954910422983235'),(525,6,'Destornillador Perillero largo','','NT070083426208574'),(526,6,'DESTORNILLADOR PLANO CHICO','','NT715755844067615'),(527,6,'Cuter','','NT093319302265183'),(528,6,'Tester','','NT117562587377722'),(529,6,'Rotuladora','','NT483812407742652'),(530,6,'Soldadora de estanio','','NT340941053720475'),(531,6,'LLave francesa','','NT174341142081438'),(532,6,'Cinta Metrica','','NT912634443240699'),(533,6,'LLave Pico Loro','','NT447637292363998'),(534,6,'Enrulador','','NT903871712859630'),(535,6,'Arnes','','NT492172831780948'),(536,6,'Alicate','','NT640966630721202'),(537,6,'Destornillador Perillero largo','','NT573828782046573'),(538,6,'Crimpeadora coaxil','','NT965867290645793'),(539,6,'Destornillador Philips grande','','NT543367728961456'),(540,6,'Pinza','','NT354646147169327'),(541,6,'Crimpeadora RJ 45','','NT167201262378094'),(542,6,'LLave fija 13','','NT988958238099630'),(543,6,'LLave fija 10','','NT290465478353702'),(544,6,'SAU','','NT849476800079096'),(545,6,'AGUJEREADORA','','NT839308570894267'),(546,6,'LLAVE FIJA 19','','NT075324323806283'),(547,6,'LLAVE FIJA 17','','NT136309567713379'),(548,6,'CRIMPEADORA BNC','','NT963777041564464'),(549,6,'JUEGO DE LLAVES ALEM','','NT696698470753097'),(550,6,'LLAVE T','','NT482252593459041'),(551,6,'Destornillador Philips chico','','NT537544107890888'),(552,6,'Prueba herramienta','probando','nt557731004268182'),(553,6,'LLAVE FIJA 8','','NT583952866837507'),(554,6,'ESCALERA','','NT195183248817902'),(555,6,'CABLE COLITA SERIALES USB','','NT506677363032010'),(556,6,'ALICATE DE CORTE DIAGONAL','','NT414424791362584'),(557,6,'ALICATE DE MICRO CORTE','','NT747387708309055'),(558,6,'ARCO DE SIERRA JUNIOR','','NT211339398170196'),(559,6,'ARCO DE SIERRA MECANICO','','NT835324531867421'),(560,6,'SOLDADOR 2 TEMPERATURAS TIPO PISTOLA','','NT843231854564519'),(561,6,'SET DE 6 LIMAS PARA MATRICEROS','','NT077647675737073'),(562,6,'LLAVE COMBINADA 1/2','','NT849287901374827'),(563,6,'LLAVE AJUSTABLE FOSFATADA 8','','NT074864741423748'),(564,6,'CRIMP PARA MORDAZAS INTERCAMBIABLES','','NT446703358052187'),(565,6,'MORDAZA D7PARA CONECTORES BNC/TNC','','NT103763930810416'),(566,6,'CRIMPEADORA METALICA P/ RJ11 RJ9 Y RJ45','','NT463658499390756'),(567,6,'JUEGO DE 9 LLAVES HEXA / ALLEN ','','NT035492486704788'),(568,6,'SET DE 9 LLAVES TORX TAMPER','','NT888586532848545'),(569,6,'JUEGO DE TUBOS PULG. ENC. 1/4','','NT207291737370079'),(570,6,'ENRULADOR DESENRULADOR MANUAL','','NT058928490235780'),(571,6,'CINTA PASACABLE','','NT464005118150580'),(572,6,'Viru Viru','','NT021651195059280'),(573,6,'PINZA DE PUNTA','','NT767618388285002'),(574,6,'TESTER DE CABLES UTP','','NT637222009236506'),(575,6,'CAJA DE HERRAMIENTAS STANLEY','','NT242451944504900'),(576,6,'DESTORNILLADOR PLANO MANGO ACRIL 5X125 mm','','NT807398222067892'),(577,6,'DESTORNILLADOR PLANO MANGO ACRIL 6X100 mm','','NT868966551163985'),(578,6,'DESTORNILLADOR PH 2X100','','NT417671636427060'),(579,6,'DESTORNILLADOR PLANO MANGO ACRIL 8X150 mm','','NT689354811367062'),(580,6,'DESTORNILLADOR PH 1X75','','NT634533223095668'),(581,6,'LLAVE COMBINADA STANLEY ACODADA 10 mm','','NT716070914194262'),(582,6,'GAVETERO PLASTICO 5 DIVISIONES','','NT020755375003091'),(583,6,'CARRETEL DE ESTANIO','','NT542618870784235'),(584,6,'JUEGO DE DESTORNILLADORES PERILLEROS','','NT647067639551312'),(585,6,'PELACABLE','','NT141383795828116'),(586,6,'LINTERNA DE LED','','NT334809522126603'),(587,6,'ALCOHOL ISOPROPILICO','','NT009813181821298'),(588,6,'DESTORNILLADOR PERILLERO PHILLIPS','','NT426732194407295'),(589,6,'DESTORNILLADOR PERILLERO PLANO','','NT380885020239545'),(590,6,'CAJA DE HERRAMIENTAS COMUN','','NT294314272914439'),(591,6,'DESTORNILLADOR PLANO MEDIANO','','NT455116997810407'),(592,6,'DESTORNILLADOR PLANO GRANDE','','NT391780907899280'),(593,6,'LLAVE FIJA 15','','NT902447781195300'),(594,6,'MECHA LARGA','','NT301513185086305'),(595,6,'MECHA 10 mm','','NT940316206071864'),(596,6,'COLA DE MONO','','NT133292694661469'),(597,6,'FRENO C4','','NT480788810172680'),(598,6,'MECHA 10 mm','','NT044038936581192'),(599,6,'MECHA DE 6 DE VIDIA','','NT127514396287736'),(600,6,'ROLDANA','','NT393295080724800'),(601,6,'KIT DE SEGURIDAD','KIT DE SEGURIDAD','693949403772841'),(602,6,'KIT DE SEGURIDAD','KIT DE SEGURIDAD','NT072873017576548'),(603,6,'AIRE COMPRIMIDO','AIRE COMPRIMIDO','NT301031040014039'),(604,6,'IMPACTADORA','IMPACTADORA','NT988532370408406'),(605,6,'JUEGO DE LLAVES COMBINADAS 14-13-12-11-10-9-8-7','JUEGO DE LLAVES COMBINADAS 14-13-12-11-10-9-8-7','NT979161531619239'),(606,6,'BUSCA POLO','BUSCA POLO','NT689239905942283'),(607,6,'TIJERAS','TIJERAS','NT154595249526706'),(608,7,'Control remoto para CISCO PDS-2140','','013004'),(609,7,'Bandeja PM24A para estanca chica','Bandeja PM24A para caja estanca chica (031085/033061)','029060'),(610,7,'Bandeja M32A para estanca chica','Bandeja M32A para caja estanca chica (031085/033061)','029061'),(611,7,'Bandeja M48A para estanca chica','Bandeja M48A para caja estanca chica (031085/033061)','029063'),(612,7,'Cinta aisladora plastica color negro 20mts','SAP 060069 Cinta aisladora plastica color negro de 20mts. Se carga por unidades','NT060069'),(613,7,'Control remoto para deco CISCO PDS-2140','Articulo sin numero de serie. Se carga por UNIDADES!','NT013004'),(614,7,'Bandeja PM24A para estanca chica','Material sin numero de serie. Se carga por UNIDADES-','NT029060'),(615,7,'Bandeja M32A para estanca chica','Material sin numero de serie. Se carga por UNIDADES!','NT029061'),(616,7,'Bandeja M48A para estanca chica','Material sin numero de serie. Se carga por UNIDADES!','NT029063'),(617,7,'Cerrojo de 2 pernos con llave bronce para estanca','Material sin numero de serie. Se carga por UNIDADES!','NT032046'),(618,7,'Siloc transparente cart. 90g y 100g','Material sin numero de serie. Se carga por UNIDADES!','NT032099'),(619,7,'Caja estanca chica para edificio con tapa','Material sin numero de serie. Se carga por UNIDADES!','NT033067'),(620,7,'Deco Cisco PDS-2144 DVB HD DVR MPEG-4','Articulo con numero de serie','050009'),(621,7,'Interlock - Cable de alimentacion de 220v','Material sin numero de serie. Se carga por UNIDADES!','NT051018'),(622,7,'fuente para modem Scientific Atlanta DPC2203','Material sin numero de serie. Se carga por UNIDADES!','NT051020'),(623,7,'Fuente para modem Scientific Atlanta DPC2420 (c/1pto tel) y DPC2420 (c2ptos)','Material sin numero de serie. Se carga por UNIDADES!','NT051024'),(624,7,'Modem Scientific Atlanta DPC2420 DL con 2 puertos tel y WIFI','Material con numero de serie','051025'),(625,7,'Modem Cisco DPC 3925 WIFI con 2 ptos tel y 4 ptos red','Material con numero de serie','051026'),(626,7,'Fuente para modem Cisco DPC 3925/8 WIFI con 2 ptos tel','Material sin numero de serie. Se carga por UNIDADES!','NT051027'),(627,7,'Cable de red UTP para PC (patchcord eth)','Material sin numero de serie. Se carga por UNIDADES!','NT070016'),(628,7,'Cable de audio y video estereo con conector RCA','Material sin numero de serie. Se carga por UNIDADES!','NT070017'),(629,7,'Cable HDMI','Material sin numero de serie. Se carga por UNIDADES!','NT070098'),(630,7,'Zapatilla tomacorriente con interruptor y cable','Material sin numero de serie. Se carga por UNIDADES!','NT087022'),(631,7,'Transicion 5/8','Material sin numero de serie. Se carga por UNIDADES!','NT087024'),(632,7,'Ficha para 220v 10A, macho de tres paras planas (toma a tierra)','Material sin numero de serie. Se carga por UNIDADES!','NT087029'),(633,7,'Ficha para 220v 10A, hembra de tres paras planas (toma a tierra)','Material sin numero de serie. Se carga por UNIDADES!','NT087030'),(634,7,'Splitter de 3 bocas desbalanceado (domiciliario)','Material sin numero de serie. Se carga por UNIDADES!','NT087031'),(635,7,'Atenuador de 0 dB para amplificador edificio C-Cord FM220-BAA3N','Material sin numero de serie. Se carga por UNIDADES!','NT087040'),(636,7,'Atenuador de 1 dB para amplificador edificio C-Cord FM220-BAA3N','Material sin numero de serie. Se carga por UNIDADES!','NT087041'),(637,7,'Atenuador de 2 dB para amplificador edificio C-Cord FM220-BAA3N','Material sin numero de serie. Se carga por UNIDADES!','NT087042'),(638,7,'Atenuador de 4 dB para amplificador edificio C-Cord FM220-BAA3N','Material sin numero de serie. Se carga por UNIDADES!','NT087044'),(639,7,'Atenuador de 5 dB para amplificador edificio C-Cord FM220-BAA3N','Material sin numero de serie. Se carga por UNIDADES!','NT087045'),(640,7,'Atenuador de 6 dB para amplificador edificio C-Cord FM220-BAA3N','Material sin numero de serie. Se carga por UNIDADES!','NT087046'),(641,7,'Atenuador de 7 dB para amplificador edificio C-Cord FM220-BAA3N','Material sin numero de serie. Se carga por UNIDADES!','NT087047'),(642,7,'Atenuador de 8 dB para amplificador edificio C-Cord FM220-BAA3N','Material sin numero de serie. Se carga por UNIDADES!','NT087048'),(643,7,'Atenuador de 9 dB para amplificador edificio C-cord FM220-BAA3N','Material sin numero de serie. Se carga por UNIDADES!','NT087049'),(644,7,'Atenuador de 10 dB para amplificador edificio C-Cord FM220-BAA3N','Material sin numero de serie. Se carga por UNIDADES!','NT087050'),(645,7,'Atenuador de 11 dB para amplificador edificio C-Cord FM220-BAA3N','Material sin numero de serie. Se carga por UNIDADES!','NT087051'),(646,7,'Pilas AAA para control remoto','Material sin numero de serie. Se carga por UNIDADES!','NT090002'),(647,7,'Adaptador Din Macho - ','Material sin numero de serie. Se carga por UNIDADES!','NT090005'),(648,7,'Atenuador domiciliario de 6dB','Material sin numero de serie. Se carga por UNIDADES!','NT090053'),(649,7,'Cinta Autovulcanizante','Material sin numero de serie. Se carga por UNIDADES!','NT090071'),(650,7,'Divisor de 2 bocas - Splitter x2','Material sin numero de serie. Se carga por UNIDADES!','NT090090'),(651,7,'Divisor de 4 bocas - Splitter x4','Material sin numero de serie. Se carga por UNIDADES!','NT090091'),(652,7,'Tubo Union (Hembra-Hembra)','Material sin numero de serie. Se carga por UNIDADES!','NT090093'),(653,7,'Amplificador de edificio CISCO TBD (S711G3002X20000) GS LE 42/54-1G PED REV/20.2','Material sin numero de serie. Se carga por UNIDADES!','NT092041'),(654,7,'Modem Scientific Atlanta DPC2420 DL con 2 puertos tel y WIFI','EQUIPO RECUPERADO\r\nMaterial con numero de serie','051025r'),(655,7,'Modem Technicolor TC7110 AR. (1pto red/1 pto tel) D2.0/PC1.5 N.','EQUIPO RECUPERADO\r\nMaterial con numero de serie','051031r'),(656,7,'4034454, GS Fwd Cable EQ 5-9dB 1Ghz Platform','Material sin numero de serie. SE CARGA POR UNIDAD','NT092043'),(657,7,'Decodificador HD Cisco PDS-2140 DVB MPEG-4','','050008'),(658,7,'Adaptador F hembra DIN Grueso Macho','','NT090040'),(659,7,'Atenuador domiciliario de 10dB','','NT090054'),(660,7,'Atenuador domiciliario de 12dB','','NT090055'),(661,7,'Atenuador domiciliario de 16dB','','NT090069'),(662,7,'Atenuador domiciliario de 20dB','','NT090059'),(663,7,'Atenuador domiciliario de 3dB','','NT090058'),(664,7,'Atenuador domiciliario de 8dB','','NT090057'),(665,7,'Coupler domiciliario de 12dB','','NT090062'),(666,7,'Coupler domiciliario de 16dB','','NT090063'),(667,7,'Coupler domiciliario de 20dB','','NT090064'),(668,7,'Coupler domiciliario de 24dB','','NT090065'),(669,7,'Coupler domiciliario de 27dB','','090066'),(670,7,'Coupler domiciliario de 30dB','','NT090067'),(671,7,'Coupler domiciliario de 6dB','','NT090060'),(672,7,'Coupler domiciliario de 9dB','','NT090061'),(673,7,'Divisor de 8 bocas - Splitter x8','','NT090092'),(674,7,'Decodificador Digital HD DVR Motorola DCX3400 con capacidad de grabación','Decodificador Digital HD DVR Motorola DCX3400 con capacidad de grabación','050007'),(675,7,'Decodificador Digital HD Motorola DCX700','','050005'),(676,7,'Decodificador digital Telecentro STB P2.7','','050004'),(677,7,'Decodificador Motorola DCT700 Full Digital','','050002'),(678,7,'Fuente deco digital HD DCX700.  Input 110-240V Ouput 5V 3A','SE INGRESAN POR UNIDAD. NO TIENEN SERIE','NT050006'),(679,7,'Fuente de alimentación P/Deco Digital cod. 050002 y cod. 050004','SE INGRESAN POR CANTIDAD. NO TIENEN SERIE','NT050050'),(680,7,'Control remoto mapeado para deco digital (DCT700 y STB P2.7) (Deco 050002/04/05)','SE INGRESAN POR CANTIDAD. NO TIENEN SERIE','NT013002'),(681,7,'Control remoto mapeado para equipo DCT-3416 y DCX DVR 3400 (Deco 050007)','SE INGRESAN POR CANTIDAD. NO TIENEN SERIE','NT013003'),(682,7,'Modem Arris TM501A de 1 Puerto telefónico con MTA','CARGAR CON SERIE O MAC','051003'),(683,7,'Modem Arris TM602A de 2 puertos telefónicos con MTA','CARGAR CON SERIE O MAC','051017'),(684,7,'Modem Motorola SBV5120i con 2 puertos telefonicos con MTA','CARGAR CON SERIE O MAC','051001'),(685,7,'Modem Scientific Atlanta DPC2203 con 1 puerto telefónico con MTA','CARGAR CON SERIE O MAC','051019'),(686,7,'Fuente para modem Arris TM501A','SE CARGA POR CANTIDAD. NO TIENEN SERIE','NT051004'),(687,7,'Fuente para modem Motorola SBV5120i (051001- 051001r)','SE CARGA POR CANTIDAD. NO TIENE SERIE','NT070001'),(688,7,'Modem Scientific Atlanta DPC2420 con 1 puerto telefonico y WiFi con MTA (Inalambrico)','CARGAR CON SERIE O MAC','051023'),(689,7,'Modem Technicolor/Thomson DWG874, WI-FI, 2 ptos telef y 4 ptos red','SE CARGA POR SERIE O MAC','051028'),(690,7,'Modem Arris Touchstone TG862A/AR WI-FI, 4 ptos red. 2 ptos telef, DOCSIS 3.0, 8X4','SE CARGA POR SERIE O MAC','051030'),(691,7,'Fuente de alimentacion ADS18B-1 120100 para cablemodem Technicolor TC7110 (051031)','','NT051032'),(692,7,'Fuente para Cablemodem Technicolor/Thomson DWG874','SE CARGA POR CANTIDAD','NT051029'),(693,7,'Router TpLink - WR841N 300Mbps Wireless N','SE CARGA POR SERIE O MAC','051033'),(694,7,'Fuente de router','SE CARGA POR CANTIDAD','NT051034'),(695,7,'Decodificador Motorola DCX700 HD (Recuperado','Equipo decodificador Recuperado','050005r'),(696,7,'Modem Motorola SBV5120i con 2 puertos telefonicos con MTA (Recuperado)','Modem Motorola 5120i recuperados','051001r'),(697,7,'Decodificador HD Cisco PDS-2140 DVB MPEG-4 (recuperado)','DECO HD CISCO RECUPERADO','050008r'),(698,7,'Modem Scientific Altanta DPX-2203','','051012r'),(699,7,'Ruckus Wireless 901-r500-ww00','Acces point indor 901-r500-ww00- zone flex r500 dual','070181'),(700,7,'Conector coaxial para RG6','','NT087025'),(701,7,'Conector de compresion para RG11','','NT087003'),(702,7,'Cable Coaxil RG11 Quadshield con portante','','NT030035'),(703,7,'Cable Coaxil RG6 Quadshield Negro con portante','','NT030032'),(704,7,'Cable Coaxil RG6 Quadshield Blanco sin portante','','030033'),(705,7,'Precinto S20 azul FO 2 vias','','NT035042'),(706,7,'Precinto Plastico Negro (150 x 5.5 mm)','','NT031025'),(707,7,'Filtro Pasa Altos de 54-860Mhz','','NT090001'),(708,7,'Grampa negra  con clavo para interior (Grampita)','','NT090072'),(710,9,'Power Meter','','660424515445022'),(712,9,'DSAM JDSU','Medidor DSAM JDSU para videocable','NT436079216094498'),(713,9,'OTDR EXFO AXS-100','Medidores de FO EXFO AXS-100','575045279036912'),(714,9,'OTDR FIS Cuatribanda','OTDR FIS Cuatribanda para FO','295260180520626'),(715,9,'Power Meter','Power Meter ','NT669719711959520');
/*!40000 ALTER TABLE `subcategoria` ENABLE KEYS */;
UNLOCK TABLES;

--
-- Table structure for table `ubicaciones`
--

DROP TABLE IF EXISTS `ubicaciones`;
/*!40101 SET @saved_cs_client     = @@character_set_client */;
/*!40101 SET character_set_client = utf8 */;
CREATE TABLE `ubicaciones` (
  `idubicaciones` int(10) unsigned NOT NULL AUTO_INCREMENT,
  `nombre_ubicacion` varchar(60) CHARACTER SET utf8 DEFAULT NULL,
  `Direccion` varchar(90) COLLATE utf8_spanish_ci DEFAULT NULL,
  `telefono` varchar(50) COLLATE utf8_spanish_ci DEFAULT NULL,
  PRIMARY KEY (`idubicaciones`)
) ENGINE=InnoDB AUTO_INCREMENT=2 DEFAULT CHARSET=utf8 COLLATE=utf8_spanish_ci;
/*!40101 SET character_set_client = @saved_cs_client */;

--
-- Dumping data for table `ubicaciones`
--

LOCK TABLES `ubicaciones` WRITE;
/*!40000 ALTER TABLE `ubicaciones` DISABLE KEYS */;
INSERT INTO `ubicaciones` VALUES (1,'netacom',NULL,NULL);
/*!40000 ALTER TABLE `ubicaciones` ENABLE KEYS */;
UNLOCK TABLES;

--
-- Table structure for table `user`
--

DROP TABLE IF EXISTS `user`;
/*!40101 SET @saved_cs_client     = @@character_set_client */;
/*!40101 SET character_set_client = utf8 */;
CREATE TABLE `user` (
  `iduser` int(11) unsigned NOT NULL AUTO_INCREMENT,
  `nombre` varchar(60) COLLATE utf8_spanish_ci NOT NULL,
  `usuario` varchar(60) COLLATE utf8_spanish_ci NOT NULL,
  `password` varchar(45) COLLATE utf8_spanish_ci NOT NULL,
  `group` int(3) NOT NULL DEFAULT '222',
  `estatus` int(1) NOT NULL DEFAULT '1',
  `alta` datetime NOT NULL DEFAULT CURRENT_TIMESTAMP,
  `lastlogin` varchar(45) COLLATE utf8_spanish_ci DEFAULT NULL,
  `isubicacion` int(1) NOT NULL DEFAULT '0',
  `telefono` varchar(60) COLLATE utf8_spanish_ci DEFAULT NULL,
  PRIMARY KEY (`iduser`)
) ENGINE=InnoDB AUTO_INCREMENT=4 DEFAULT CHARSET=utf8 COLLATE=utf8_spanish_ci;
/*!40101 SET character_set_client = @saved_cs_client */;

--
-- Dumping data for table `user`
--

LOCK TABLES `user` WRITE;
/*!40000 ALTER TABLE `user` DISABLE KEYS */;
INSERT INTO `user` VALUES (1,'admin','admin','admin',111,1,'2016-06-24 12:35:32',NULL,1,NULL),(3,'demo','demo','demo',222,1,'2016-06-24 13:37:35',NULL,0,NULL);
/*!40000 ALTER TABLE `user` ENABLE KEYS */;
UNLOCK TABLES;
/*!50003 SET @saved_cs_client      = @@character_set_client */ ;
/*!50003 SET @saved_cs_results     = @@character_set_results */ ;
/*!50003 SET @saved_col_connection = @@collation_connection */ ;
/*!50003 SET character_set_client  = utf8 */ ;
/*!50003 SET character_set_results = utf8 */ ;
/*!50003 SET collation_connection  = utf8_general_ci */ ;
/*!50003 SET @saved_sql_mode       = @@sql_mode */ ;
/*!50003 SET sql_mode              = 'STRICT_TRANS_TABLES,NO_AUTO_CREATE_USER,NO_ENGINE_SUBSTITUTION' */ ;
DELIMITER ;;
/*!50003 CREATE*/ /*!50017 DEFINER=`root`@`localhost`*/ /*!50003 TRIGGER `inventorya`.`user_AFTER_INSERT` AFTER INSERT ON `user` FOR EACH ROW
BEGIN

insert into user_log (iduser,accion,idresponsable,info) values (NEW.iduser,"SE CREO USUARIO",1,CONCAT('Usuario:',NEW.nombre,' id: ',NEW.iduser,' Creado con exito'));
END */;;
DELIMITER ;
/*!50003 SET sql_mode              = @saved_sql_mode */ ;
/*!50003 SET character_set_client  = @saved_cs_client */ ;
/*!50003 SET character_set_results = @saved_cs_results */ ;
/*!50003 SET collation_connection  = @saved_col_connection */ ;

--
-- Table structure for table `user_log`
--

DROP TABLE IF EXISTS `user_log`;
/*!40101 SET @saved_cs_client     = @@character_set_client */;
/*!40101 SET character_set_client = utf8 */;
CREATE TABLE `user_log` (
  `iduser_log` int(11) NOT NULL AUTO_INCREMENT,
  `iduser` int(11) NOT NULL,
  `accion` varchar(45) COLLATE utf8_spanish_ci DEFAULT NULL,
  `idresponsable` int(11) DEFAULT NULL,
  `info` varchar(120) COLLATE utf8_spanish_ci DEFAULT NULL,
  `fecha` datetime NOT NULL DEFAULT CURRENT_TIMESTAMP,
  PRIMARY KEY (`iduser_log`)
) ENGINE=InnoDB AUTO_INCREMENT=2 DEFAULT CHARSET=utf8 COLLATE=utf8_spanish_ci;
/*!40101 SET character_set_client = @saved_cs_client */;

--
-- Dumping data for table `user_log`
--

LOCK TABLES `user_log` WRITE;
/*!40000 ALTER TABLE `user_log` DISABLE KEYS */;
INSERT INTO `user_log` VALUES (1,3,'SE CREO USUARIO',1,'Usuario:demo id: 3 Creado con exito','2016-06-24 13:37:35');
/*!40000 ALTER TABLE `user_log` ENABLE KEYS */;
UNLOCK TABLES;

--
-- Temporary view structure for view `user_vista`
--

DROP TABLE IF EXISTS `user_vista`;
/*!50001 DROP VIEW IF EXISTS `user_vista`*/;
SET @saved_cs_client     = @@character_set_client;
SET character_set_client = utf8;
/*!50001 CREATE VIEW `user_vista` AS SELECT 
 1 AS `nombre`,
 1 AS `nombre_grupo`,
 1 AS `alta`,
 1 AS `telefono`*/;
SET character_set_client = @saved_cs_client;

--
-- Temporary view structure for view `vista_productos`
--

DROP TABLE IF EXISTS `vista_productos`;
/*!50001 DROP VIEW IF EXISTS `vista_productos`*/;
SET @saved_cs_client     = @@character_set_client;
SET character_set_client = utf8;
/*!50001 CREATE VIEW `vista_productos` AS SELECT 
 1 AS `idproductos`,
 1 AS `sap`,
 1 AS `nombre`,
 1 AS `codigo_barra`,
 1 AS `nombre_ubicacion`*/;
SET character_set_client = @saved_cs_client;

--
-- Dumping events for database 'inventorya'
--

--
-- Dumping routines for database 'inventorya'
--
/*!50003 DROP FUNCTION IF EXISTS `idcategoria` */;
/*!50003 SET @saved_cs_client      = @@character_set_client */ ;
/*!50003 SET @saved_cs_results     = @@character_set_results */ ;
/*!50003 SET @saved_col_connection = @@collation_connection */ ;
/*!50003 SET character_set_client  = utf8 */ ;
/*!50003 SET character_set_results = utf8 */ ;
/*!50003 SET collation_connection  = utf8_general_ci */ ;
/*!50003 SET @saved_sql_mode       = @@sql_mode */ ;
/*!50003 SET sql_mode              = 'STRICT_TRANS_TABLES,NO_AUTO_CREATE_USER,NO_ENGINE_SUBSTITUTION' */ ;
DELIMITER ;;
CREATE DEFINER=`root`@`localhost` FUNCTION `idcategoria`( sapenvio varchar(100)) RETURNS int(11)
BEGIN
DECLARE a int;
select idcategoria into a from subcategoria where sap=sapenvio COLLATE utf8_unicode_ci;
RETURN a;
END ;;
DELIMITER ;
/*!50003 SET sql_mode              = @saved_sql_mode */ ;
/*!50003 SET character_set_client  = @saved_cs_client */ ;
/*!50003 SET character_set_results = @saved_cs_results */ ;
/*!50003 SET collation_connection  = @saved_col_connection */ ;
/*!50003 DROP FUNCTION IF EXISTS `idsubcategoria` */;
/*!50003 SET @saved_cs_client      = @@character_set_client */ ;
/*!50003 SET @saved_cs_results     = @@character_set_results */ ;
/*!50003 SET @saved_col_connection = @@collation_connection */ ;
/*!50003 SET character_set_client  = utf8 */ ;
/*!50003 SET character_set_results = utf8 */ ;
/*!50003 SET collation_connection  = utf8_general_ci */ ;
/*!50003 SET @saved_sql_mode       = @@sql_mode */ ;
/*!50003 SET sql_mode              = 'STRICT_TRANS_TABLES,NO_AUTO_CREATE_USER,NO_ENGINE_SUBSTITUTION' */ ;
DELIMITER ;;
CREATE DEFINER=`root`@`localhost` FUNCTION `idsubcategoria`(sapenvio varchar(100)) RETURNS int(11)
BEGIN
DECLARE a int;
select idsubcategoria into a from subcategoria where sap=sapenvio COLLATE utf8_unicode_ci;
RETURN a;
END ;;
DELIMITER ;
/*!50003 SET sql_mode              = @saved_sql_mode */ ;
/*!50003 SET character_set_client  = @saved_cs_client */ ;
/*!50003 SET character_set_results = @saved_cs_results */ ;
/*!50003 SET collation_connection  = @saved_col_connection */ ;
/*!50003 DROP FUNCTION IF EXISTS `idubicacion` */;
/*!50003 SET @saved_cs_client      = @@character_set_client */ ;
/*!50003 SET @saved_cs_results     = @@character_set_results */ ;
/*!50003 SET @saved_col_connection = @@collation_connection */ ;
/*!50003 SET character_set_client  = utf8 */ ;
/*!50003 SET character_set_results = utf8 */ ;
/*!50003 SET collation_connection  = utf8_general_ci */ ;
/*!50003 SET @saved_sql_mode       = @@sql_mode */ ;
/*!50003 SET sql_mode              = 'STRICT_TRANS_TABLES,NO_AUTO_CREATE_USER,NO_ENGINE_SUBSTITUTION' */ ;
DELIMITER ;;
CREATE DEFINER=`root`@`localhost` FUNCTION `idubicacion`(nombre varchar(15)) RETURNS int(11)
BEGIN
DECLARE a int;
select idubicaciones into a from ubicaciones where nombre_ubicacion=nombre COLLATE utf8_unicode_ci;
RETURN a;
END ;;
DELIMITER ;
/*!50003 SET sql_mode              = @saved_sql_mode */ ;
/*!50003 SET character_set_client  = @saved_cs_client */ ;
/*!50003 SET character_set_results = @saved_cs_results */ ;
/*!50003 SET collation_connection  = @saved_col_connection */ ;
/*!50003 DROP PROCEDURE IF EXISTS `insertarp` */;
/*!50003 SET @saved_cs_client      = @@character_set_client */ ;
/*!50003 SET @saved_cs_results     = @@character_set_results */ ;
/*!50003 SET @saved_col_connection = @@collation_connection */ ;
/*!50003 SET character_set_client  = utf8 */ ;
/*!50003 SET character_set_results = utf8 */ ;
/*!50003 SET collation_connection  = utf8_general_ci */ ;
/*!50003 SET @saved_sql_mode       = @@sql_mode */ ;
/*!50003 SET sql_mode              = 'STRICT_TRANS_TABLES,NO_AUTO_CREATE_USER,NO_ENGINE_SUBSTITUTION' */ ;
DELIMITER ;;
CREATE DEFINER=`root`@`localhost` PROCEDURE `insertarp`( in sap varchar(100), in codigoBarra varchar(100),in usuario int, in ubicacion varchar(15), in informacion varchar(100))
BEGIN
declare a int;
set a = (select count(codigo_barra) from productos where codigo_barra=codigoBarra);
if a=0 then
insert into productos(idcategoria,idsubcategoria,idubicacion,iduser,codigo_barra,info) values ((idcategoria(sap)),(idsubcategoria(sap)),(idubicacion(ubicacion)),usuario,codigoBarra,informacion);
end if;
END ;;
DELIMITER ;
/*!50003 SET sql_mode              = @saved_sql_mode */ ;
/*!50003 SET character_set_client  = @saved_cs_client */ ;
/*!50003 SET character_set_results = @saved_cs_results */ ;
/*!50003 SET collation_connection  = @saved_col_connection */ ;

--
-- Final view structure for view `categoria_subcategoria_view`
--

/*!50001 DROP VIEW IF EXISTS `categoria_subcategoria_view`*/;
/*!50001 SET @saved_cs_client          = @@character_set_client */;
/*!50001 SET @saved_cs_results         = @@character_set_results */;
/*!50001 SET @saved_col_connection     = @@collation_connection */;
/*!50001 SET character_set_client      = utf8 */;
/*!50001 SET character_set_results     = utf8 */;
/*!50001 SET collation_connection      = utf8_general_ci */;
/*!50001 CREATE ALGORITHM=UNDEFINED */
/*!50013 DEFINER=`root`@`localhost` SQL SECURITY DEFINER */
/*!50001 VIEW `categoria_subcategoria_view` AS select `categoria`.`nombre_categoria` AS `nombre_categoria`,`subcategoria`.`nombre` AS `nombre`,`subcategoria`.`sap` AS `sap` from (`categoria` join `subcategoria` on((`subcategoria`.`idcategoria` = `categoria`.`idcategoria`))) */;
/*!50001 SET character_set_client      = @saved_cs_client */;
/*!50001 SET character_set_results     = @saved_cs_results */;
/*!50001 SET collation_connection      = @saved_col_connection */;

--
-- Final view structure for view `categoria_view`
--

/*!50001 DROP VIEW IF EXISTS `categoria_view`*/;
/*!50001 SET @saved_cs_client          = @@character_set_client */;
/*!50001 SET @saved_cs_results         = @@character_set_results */;
/*!50001 SET @saved_col_connection     = @@collation_connection */;
/*!50001 SET character_set_client      = utf8 */;
/*!50001 SET character_set_results     = utf8 */;
/*!50001 SET collation_connection      = utf8_general_ci */;
/*!50001 CREATE ALGORITHM=UNDEFINED */
/*!50013 DEFINER=`root`@`localhost` SQL SECURITY DEFINER */
/*!50001 VIEW `categoria_view` AS select `subcategoria`.`idsubcategoria` AS `idsubcategoria`,`subcategoria`.`idcategoria` AS `idcategoria`,`subcategoria`.`nombre` AS `nombre`,`subcategoria`.`sap` AS `sap` from `subcategoria` */;
/*!50001 SET character_set_client      = @saved_cs_client */;
/*!50001 SET character_set_results     = @saved_cs_results */;
/*!50001 SET collation_connection      = @saved_col_connection */;

--
-- Final view structure for view `user_vista`
--

/*!50001 DROP VIEW IF EXISTS `user_vista`*/;
/*!50001 SET @saved_cs_client          = @@character_set_client */;
/*!50001 SET @saved_cs_results         = @@character_set_results */;
/*!50001 SET @saved_col_connection     = @@collation_connection */;
/*!50001 SET character_set_client      = utf8 */;
/*!50001 SET character_set_results     = utf8 */;
/*!50001 SET collation_connection      = utf8_general_ci */;
/*!50001 CREATE ALGORITHM=UNDEFINED */
/*!50013 DEFINER=`root`@`localhost` SQL SECURITY DEFINER */
/*!50001 VIEW `user_vista` AS select `user`.`nombre` AS `nombre`,`grupos`.`nombre_grupo` AS `nombre_grupo`,`user`.`alta` AS `alta`,`user`.`telefono` AS `telefono` from (`user` join `grupos` on((`grupos`.`idgroup` = `user`.`group`))) */;
/*!50001 SET character_set_client      = @saved_cs_client */;
/*!50001 SET character_set_results     = @saved_cs_results */;
/*!50001 SET collation_connection      = @saved_col_connection */;

--
-- Final view structure for view `vista_productos`
--

/*!50001 DROP VIEW IF EXISTS `vista_productos`*/;
/*!50001 SET @saved_cs_client          = @@character_set_client */;
/*!50001 SET @saved_cs_results         = @@character_set_results */;
/*!50001 SET @saved_col_connection     = @@collation_connection */;
/*!50001 SET character_set_client      = utf8 */;
/*!50001 SET character_set_results     = utf8 */;
/*!50001 SET collation_connection      = utf8_general_ci */;
/*!50001 CREATE ALGORITHM=UNDEFINED */
/*!50013 DEFINER=`root`@`localhost` SQL SECURITY DEFINER */
/*!50001 VIEW `vista_productos` AS select `productos`.`idproductos` AS `idproductos`,`subcategoria`.`sap` AS `sap`,`subcategoria`.`nombre` AS `nombre`,`productos`.`codigo_barra` AS `codigo_barra`,`ubicaciones`.`nombre_ubicacion` AS `nombre_ubicacion` from ((`productos` join `subcategoria` on((`productos`.`idsubcategoria` = `subcategoria`.`idsubcategoria`))) join `ubicaciones` on((`productos`.`idubicacion` = `ubicaciones`.`idubicaciones`))) */;
/*!50001 SET character_set_client      = @saved_cs_client */;
/*!50001 SET character_set_results     = @saved_cs_results */;
/*!50001 SET collation_connection      = @saved_col_connection */;
/*!40103 SET TIME_ZONE=@OLD_TIME_ZONE */;

/*!40101 SET SQL_MODE=@OLD_SQL_MODE */;
/*!40014 SET FOREIGN_KEY_CHECKS=@OLD_FOREIGN_KEY_CHECKS */;
/*!40014 SET UNIQUE_CHECKS=@OLD_UNIQUE_CHECKS */;
/*!40101 SET CHARACTER_SET_CLIENT=@OLD_CHARACTER_SET_CLIENT */;
/*!40101 SET CHARACTER_SET_RESULTS=@OLD_CHARACTER_SET_RESULTS */;
/*!40101 SET COLLATION_CONNECTION=@OLD_COLLATION_CONNECTION */;
/*!40111 SET SQL_NOTES=@OLD_SQL_NOTES */;

-- Dump completed on 2016-07-01 16:36:29
